date,ncase,ndeath,gender,area,country,type,death
27/02/2020,1,0,female,north,ireland,confirmed,covid
29/02/2020,1,0,male,east,ireland,confirmed,covid
03/03/2020,1,0,female,east,ireland,confirmed,covid
04/03/2020,2,0,female,west,ireland,confirmed,covid
04/03/2020,2,0,male,west,ireland,confirmed,covid
04/03/2020,2,0,unknown,north,ireland,confirmed,covid
05/03/2020,4,0,male,east,ireland,confirmed,covid
05/03/2020,2,0,female,west,ireland,confirmed,covid
05/03/2020,1,0,male,south,ireland,confirmed,covid
06/03/2020,1,0,male,east,ireland,confirmed,covid
06/03/2020,1,0,female,west,ireland,confirmed,covid
06/03/2020,2,0,female,south,ireland,confirmed,covid
06/03/2020,1,0,male,south,ireland,confirmed,covid
06/03/2020,1,0,unknown,north,ireland,confirmed,covid
07/03/2020,1,0,male,east,ireland,confirmed,covid
08/03/2020,1,0,female,east,ireland,confirmed,covid
08/03/2020,1,0,male,south,ireland,confirmed,covid
07/03/2020,3,0,unknown,north,ireland,confirmed,covid
09/03/2020,2,0,female,south,ireland,confirmed,covid
09/03/2020,1,0,female,west,ireland,confirmed,covid
08/03/2020,5,0,unknown,north,ireland,confirmed,covid
10/03/2020,4,0,male,south,ireland,confirmed,covid
10/03/2020,2,0,female,east,ireland,confirmed,covid
10/03/2020,1,0,male,west,ireland,confirmed,covid
10/03/2020,1,0,female,west,ireland,confirmed,covid
10/03/2020,1,0,female,south,ireland,confirmed,covid
10/03/2020,1,0,male,east,ireland,confirmed,covid
10/03/2020,4,0,unknown,north,ireland,confirmed,covid
11/03/2020,3,1,male,east,ireland,confirmed,covid
11/03/2020,5,0,male,south,ireland,confirmed,covid
11/03/2020,1,0,female,south,ireland,confirmed,covid
11/03/2020,2,0,unknown,north,ireland,confirmed,covid
11/03/2020,0,0,unknown,south,ireland,confirmed,covid
12/03/2020,27,0,unknown,unknown,ireland,confirmed,covid
12/03/2020,2,0,unknown,north,ireland,confirmed,covid
13/03/2020,20,0,unknown,unknown,ireland,confirmed,covid
13/03/2020,9,0,unknown,north,ireland,confirmed,covid
14/03/2020,5,0,unknown,north,ireland,confirmed,covid
14/03/2020,21,1,unknown,east,ireland,confirmed,covid
14/03/2020,13,0,unknown,south,ireland,confirmed,covid
14/03/2020,3,0,unknown,northwest,ireland,confirmed,covid
14/03/2020,2,0,unknown,west,ireland,confirmed,covid
15/03/2020,11,0,unknown,north,ireland,confirmed,covid
15/03/2020,25,0,unknown,east,ireland,confirmed,covid
15/03/2020,9,0,unknown,west,ireland,confirmed,covid
15/03/2020,6,0,unknown,south,ireland,confirmed,covid
16/03/2020,7,0,unknown,north,ireland,confirmed,covid
16/03/2020,41,0,unknown,east,ireland,confirmed,covid
16/03/2020,11,0,unknown,south,ireland,confirmed,covid
16/03/2020,2,0,unknown,northwest,ireland,confirmed,covid
17/03/2020,10,0,unknown,north,ireland,confirmed,covid
17/03/2020,48,0,unknown,east,ireland,confirmed,covid
17/03/2020,13,0,unknown,south,ireland,confirmed,covid
17/03/2020,5,0,unknown,northwest,ireland,confirmed,covid
17/03/2020,3,0,unknown,west,ireland,confirmed,covid
18/03/2020,6,0,unknown,north,ireland,confirmed,covid
18/03/2020,74,0,unknown,unknown,ireland,confirmed,covid
18/03/2020,9,1,unknown,north,ireland,confirmed,covid
19/03/2020,191,1,unknown,unknown,ireland,confirmed,covid
20/03/2020,126,0,unknown,unknown,ireland,confirmed,covid
20/03/2020,9,0,unknown,north,ireland,confirmed,covid
21/03/2020,102,0,unknown,unknown,ireland,confirmed,covid
21/03/2020,22,0,unknown,north,ireland,confirmed,covid
22/03/2020,20,1,unknown,north,ireland,confirmed,covid
22/03/2020,121,1,unknown,unknown,ireland,confirmed,covid
23/03/2020,20,2,unknown,north,ireland,confirmed,covid
23/03/2020,219,2,unknown,unknown,ireland,confirmed,covid
24/03/2020,24,1,unknown,north,ireland,confirmed,covid
24/03/2020,204,1,unknown,unknown,ireland,confirmed,covid
25/03/2020,37,2,unknown,north,ireland,confirmed,covid
25/03/2020,235,2,unknown,unknown,ireland,confirmed,covid
26/03/2020,32,3,unknown,north,ireland,confirmed,covid
26/03/2020,255,10,unknown,unknown,ireland,confirmed,covid
27/03/2020,34,3,unknown,north,ireland,confirmed,covid
27/03/2020,302,3,unknown,unknown,ireland,confirmed,covid
28/03/2020,49,2,unknown,north,ireland,confirmed,covid
28/03/2020,294,14,unknown,unknown,ireland,confirmed,covid
29/03/2020,86,6,unknown,north,ireland,confirmed,covid
29/03/2020,200,10,unknown,unknown,ireland,confirmed,covid
30/03/2020,123,1,unknown,north,ireland,confirmed,covid
30/03/2020,295,8,unknown,unknown,ireland,confirmed,covid
31/03/2020,53,6,unknown,north,ireland,confirmed,covid
31/03/2020,325,17,unknown,unknown,ireland,confirmed,covid
01/04/2020,103,2,unknown,north,ireland,confirmed,covid
01/04/2020,212,14,unknown,unknown,ireland,confirmed,covid
02/04/2020,85,6,unknown,north,ireland,confirmed,covid
02/04/2020,402,13,unknown,unknown,ireland,confirmed,covid
03/04/2020,130,12,unknown,north,ireland,confirmed,covid
03/04/2020,424,22,unknown,unknown,ireland,confirmed,covid
04/04/2020,94,8,unknown,north,ireland,confirmed,covid
04/04/2020,331,17,unknown,unknown,ireland,confirmed,covid
05/04/2020,91,7,unknown,north,ireland,confirmed,covid
05/04/2020,390,21,unknown,unknown,ireland,confirmed,covid
06/04/2020,69,7,unknown,north,ireland,confirmed,covid
06/04/2020,370,16,unknown,unknown,ireland,confirmed,covid
07/04/2020,97,3,unknown,north,ireland,confirmed,covid
07/04/2020,345,36,unknown,unknown,ireland,confirmed,covid
08/04/2020,84,5,unknown,north,ireland,confirmed,covid
08/04/2020,365,25,unknown,unknown,ireland,confirmed,covid
09/04/2020,138,4,unknown,north,ireland,confirmed,covid
09/04/2020,500,28,unknown,unknown,ireland,confirmed,covid
10/04/2020,112,10,unknown,north,ireland,confirmed,covid
10/04/2020,480,25,unknown,unknown,ireland,confirmed,covid
10/04/2020,1035,0,unknown,unknown,ireland, german_lab,covid
11/04/2020,128,15,unknown,north,ireland,confirmed,covid
11/04/2020,553,33,unknown,unknown,ireland,confirmed,covid
11/04/2020,0,-1,unknown,unknown,ireland, denotified, denotified
11/04/2020,286,0,unknown,unknown,ireland, german_lab,covid
12/04/2020,89,11,unknown,north,ireland,confirmed,covid
12/04/2020,430,14,unknown,unknown,ireland,confirmed,covid
12/04/2020,297,0,unknown,unknown,ireland, german_lab,covid
13/04/2020,76,6,unknown,north,ireland,confirmed,covid
13/04/2020,527,31,unknown,unknown,ireland,confirmed,covid
13/04/2020,465,0,unknown,unknown,ireland, german_lab,covid
14/04/2020,85,10,unknown,north,ireland,confirmed,covid
14/04/2020,548,41,unknown,unknown,ireland,confirmed,covid
14/04/2020,284,0,unknown,unknown,ireland, german_lab,covid
15/04/2020,121,6,unknown,north,ireland,confirmed,covid
15/04/2020,657,38,unknown,unknown,ireland,confirmed,covid
15/04/2020,411,0,unknown,unknown,ireland, german_lab,covid
16/04/2020,113,18,unknown,north,ireland,confirmed,covid
16/04/2020,629,43,unknown,unknown,ireland,confirmed,covid
16/04/2020,0,-1,unknown,unknown,ireland, denotified, denotified
16/04/2020,95,0,unknown,unknown,ireland, german_lab,covid
17/04/2020,137,18,unknown,north,ireland,confirmed,covid
17/04/2020,597,44,unknown,unknown,ireland,confirmed,covid
17/04/2020,112,0,unknown,unknown,ireland, german_lab,covid
18/04/2020,148,17,unknown,north,ireland,confirmed,covid
18/04/2020,630,41,unknown,unknown,ireland,confirmed,covid
18/04/2020,148,0,unknown,unknown,ireland, german_lab,covid
19/04/2020,159,1,unknown,north,ireland,confirmed,covid
19/04/2020,445,39,unknown,unknown,ireland,confirmed,covid
19/04/2020,48,0,unknown,unknown,ireland, german_lab,covid
20/04/2020,88,13,unknown,north,ireland,confirmed,covid
20/04/2020,401,77,unknown,unknown,ireland,confirmed,covid
21/04/2020,0,-1,unknown,unknown,ireland, denotified, denotified
21/04/2020,30,9,unknown,north,ireland,confirmed,covid
21/04/2020,388,44,unknown,unknown,ireland,confirmed,covid
22/04/2020,0,-10,unknown,unknown,ireland, denotified, denotified
22/04/2020,116,34,unknown,north,ireland,confirmed,covid
22/04/2020,631,49,unknown,unknown,ireland,confirmed,covid
23/04/2020,142,13,unknown,north,ireland,confirmed,covid
23/04/2020,936,28,unknown,unknown,ireland,confirmed,covid
23/04/2020,0,-3,unknown,unknown,ireland, denotified, denotified
24/04/2020,106,15,unknown,north,ireland,confirmed,covid
24/04/2020,577,37,unknown,unknown,ireland,confirmed,covid
24/04/2020,0,-2,unknown,unknown,ireland, denotified, denotified
24/04/2020,0,185,unknown,unknown,ireland,confirmed, probable_covid
25/04/2020,104,16,unknown,north,ireland,confirmed,covid
25/04/2020,377,42,unknown,unknown,ireland,confirmed,covid
25/04/2020,0,-3,unknown,unknown,ireland, denotified, denotified
25/04/2020,0,10,unknown,unknown,ireland,confirmed, probable_covid
26/04/2020,82,5,unknown,north,ireland,confirmed,covid
26/04/2020,701,23,unknown,unknown,ireland,confirmed,covid
26/04/2020,0,-2,unknown,unknown,ireland, denotified, denotified
26/04/2020,0,3,unknown,unknown,ireland,confirmed, probable_covid
27/04/2020,66,10,unknown,north,ireland,confirmed,covid
27/04/2020,386,17,unknown,unknown,ireland,confirmed,covid
27/04/2020,0,-3,unknown,unknown,ireland, denotified, denotified
27/04/2020,0,1,unknown,unknown,ireland,confirmed, probable_covid
28/04/2020,34,20,unknown,north,ireland,confirmed,covid
28/04/2020,229,45,unknown,unknown,ireland,confirmed,covid
28/04/2020,0,-2,unknown,unknown,ireland, denotified, denotified
28/04/2020,0,14,unknown,unknown,ireland,confirmed, probable_covid
29/04/2020,55,9,unknown,north,ireland,confirmed,covid
29/04/2020,376,31,unknown,unknown,ireland,confirmed,covid
30/04/2020,73,9,unknown,north,ireland,confirmed,covid
30/04/2020,359,43,unknown,unknown,ireland,confirmed,covid
30/04/2020,0,-1,unknown,unknown,ireland, denotified, denotified
01/05/2020,87,18,unknown,north,ireland,confirmed,covid
01/05/2020,221,34,unknown,unknown,ireland,confirmed,covid
01/05/2020,0,-1,unknown,unknown,ireland, denotified, denotified
02/05/2020,66,11,unknown,north,ireland,confirmed,covid
02/05/2020,343,25,unknown,unknown,ireland,confirmed,covid
02/05/2020,0,-4,unknown,unknown,ireland, denotified, denotified
03/05/2020,78,5,unknown,north,ireland,confirmed,covid
03/05/2020,330,19,unknown,unknown,ireland,confirmed,covid
03/05/2020,0,-2,unknown,unknown,ireland, denotified, denotified
04/05/2020,69,6,unknown,north,ireland,confirmed,covid
04/05/2020,266,16,unknown,unknown,ireland,confirmed,covid
04/05/2020,0,0,unknown,unknown,ireland, denotified, denotified
05/05/2020,45,17,unknown,north,ireland,confirmed,covid
05/05/2020,211,23,unknown,unknown,ireland,confirmed,covid
05/05/2020,0,-3,unknown,unknown,ireland, denotified, denotified
06/05/2020,53,14,unknown,north,ireland,confirmed,covid
06/05/2020,265,37,unknown,unknown,ireland,confirmed,covid
06/05/2020,0,-1,unknown,unknown,ireland, denotified, denotified
07/05/2020,50,4,unknown,north,ireland,confirmed,covid
07/05/2020,137,29,unknown,unknown,ireland,confirmed,covid
07/05/2020,0,-1,unknown,unknown,ireland, denotified, denotified
08/05/2020,38,5,unknown,north,ireland,confirmed,covid
08/05/2020,156,27,unknown,unknown,ireland,confirmed,covid
08/05/2020,0,-1,unknown,unknown,ireland, denotified, denotified
09/05/2020,56,4,unknown,north,ireland,confirmed,covid
09/05/2020,219,18,unknown,unknown,ireland,confirmed,covid
09/05/2020,0,-1,unknown,unknown,ireland, denotified, denotified
10/05/2020,41,5,unknown,north,ireland,confirmed,covid
10/05/2020,236,12,unknown,unknown,ireland,confirmed,covid
11/05/2020,30,3,unknown,north,ireland,confirmed,covid
11/05/2020,139,15,unknown,unknown,ireland,confirmed,covid
11/05/2020,0,-6,unknown,unknown,ireland, denotified, denotified
12/05/2020,44,9,unknown,north,ireland,confirmed,covid
12/05/2020,107,24,unknown,unknown,ireland,confirmed,covid
12/05/2020,0,-3,unknown,unknown,ireland, denotified, denotified
13/05/2020,60,2,unknown,north,ireland,confirmed,covid
13/05/2020,159,10,unknown,unknown,ireland,confirmed,covid
13/05/2020,0,-1,unknown,unknown,ireland, denotified, denotified
14/05/2020,38,5,unknown,north,ireland,confirmed,covid
14/05/2020,203,10,unknown,unknown,ireland,confirmed,covid
14/05/2020,0,-1,unknown,unknown,ireland, denotified, denotified
14/05/2020,223,0,unknown,unknown,ireland, late_confirmed,covid
15/05/2020,26,15,unknown,north,ireland,confirmed,covid
15/05/2020,129,16,unknown,unknown,ireland,confirmed,covid
15/05/2020,0,-4,unknown,unknown,ireland, denotified, denotified
16/05/2020,40,4,unknown,north,ireland,confirmed,covid
16/05/2020,92,15,unknown,unknown,ireland,confirmed,covid
17/05/2020,28,3,unknown,north,ireland,confirmed,covid
17/05/2020,64,10,unknown,unknown,ireland,confirmed,covid
18/05/2020,16,6,unknown,north,ireland,confirmed,covid
18/05/2020,88,4,unknown,unknown,ireland,confirmed,covid
19/05/2020,20,7,unknown,north,ireland,confirmed,covid
19/05/2020,51,16,unknown,unknown,ireland,confirmed,covid
19/05/2020,0,-2,unknown,unknown,ireland, denotified, denotified
20/05/2020,18,5,unknown,north,ireland,confirmed,covid
20/05/2020,64,11,unknown,unknown,ireland,confirmed,covid
20/05/2020,0,-1,unknown,unknown,ireland, denotified, denotified
21/05/2020,42,7,unknown,north,ireland,confirmed,covid
21/05/2020,76,12,unknown,unknown,ireland,confirmed,covid
22/05/2020,23,3,unknown,north,ireland,confirmed,covid
22/05/2020,115,11,unknown,unknown,ireland,confirmed,covid
22/05/2020,0,-2,unknown,unknown,ireland, denotified, denotified
23/05/2020,41,1,unknown,north,ireland,confirmed,covid
23/05/2020,76,13,unknown,unknown,ireland,confirmed,covid
23/05/2020,0,-1,unknown,unknown,ireland, denotified, denotified
24/05/2020,25,1,unknown,north,ireland,confirmed,covid
24/05/2020,57,4,unknown,unknown,ireland,confirmed,covid
25/05/2020,39,8,unknown,north,ireland,confirmed,covid
25/05/2020,59,0,unknown,unknown,ireland,confirmed,covid
25/05/2020,0,-2,unknown,unknown,ireland, denotified, denotified
26/05/2020,28,0,unknown,north,ireland,confirmed,covid
26/05/2020,37,9,unknown,unknown,ireland,confirmed,covid
27/05/2020,26,2,unknown,north,ireland,confirmed,covid
27/05/2020,73,17,unknown,unknown,ireland,confirmed,covid
27/05/2020,-5,-1,unknown,unknown,ireland, denotified, denotified
28/05/2020,16,2,unknown,north,ireland,confirmed,covid
28/05/2020,46,9,unknown,unknown,ireland,confirmed,covid
28/05/2020,-8,-1,unknown,unknown,ireland, denotified, denotified
29/05/2020,17,3,unknown,north,ireland,confirmed,covid
29/05/2020,39,6,unknown,unknown,ireland,confirmed,covid
29/05/2020,-4,0,unknown,unknown,ireland, denotified, denotified
30/05/2020,13,1,unknown,north,ireland,confirmed,covid
30/05/2020,59,9,unknown,unknown,ireland,confirmed,covid
30/05/2020,-6,-3,unknown,unknown,ireland, denotified, denotified
31/05/2020,7,1,unknown,north,ireland,confirmed,covid
31/05/2020,66,2,unknown,unknown,ireland,confirmed,covid
31/05/2020,-5,-1,unknown,unknown,ireland, denotified, denotified
01/06/2020,12,1,unknown,north,ireland,confirmed,covid
01/06/2020,77,1,unknown,unknown,ireland,confirmed,covid
01/06/2020,-5,-3,unknown,unknown,ireland, denotified, denotified
02/06/2020,4,2,unknown,north,ireland,confirmed,covid
02/06/2020,10,8,unknown,unknown,ireland,confirmed,covid
02/06/2020,-6,0,unknown,unknown,ireland, denotified, denotified
03/06/2020,8,8,unknown,north,ireland,confirmed,covid
03/06/2020,47,3,unknown,unknown,ireland,confirmed,covid
03/06/2020,-2,-2,unknown,unknown,ireland, denotified, denotified
04/06/2020,33,1,unknown,north,ireland,confirmed,covid
04/06/2020,38,5,unknown,unknown,ireland,confirmed,covid
04/06/2020,-7,0,unknown,unknown,ireland, denotified, denotified
05/06/2020,3,1,unknown,north,ireland,confirmed,covid
05/06/2020,28,7,unknown,unknown,ireland,confirmed,covid
05/06/2020,-7,-1,unknown,unknown,ireland, denotified, denotified
06/06/2020,14,1,unknown,north,ireland,confirmed,covid
06/06/2020,24,9,unknown,unknown,ireland,confirmed,covid
06/06/2020,-4,-1,unknown,unknown,ireland, denotified, denotified
07/06/2020,6,0,unknown,north,ireland,confirmed,covid
07/06/2020,25,1,unknown,unknown,ireland,confirmed,covid
07/06/2020,-7,0,unknown,unknown,ireland, denotified, denotified
08/06/2020,6,0,unknown,north,ireland,confirmed,covid
08/06/2020,9,4,unknown,unknown,ireland,confirmed,covid
08/06/2020,-3,0,unknown,unknown,ireland, denotified, denotified
09/06/2020,3,0,unknown,north,ireland,confirmed,covid
09/06/2020,9,9,unknown,unknown,ireland,confirmed,covid
09/06/2020,-1,-1,unknown,unknown,ireland, denotified, denotified
10/06/2020,13,0,unknown,north,ireland,confirmed,covid
10/06/2020,19,5,unknown,unknown,ireland,confirmed,covid
10/06/2020,-3,-1,unknown,unknown,ireland, denotified, denotified
11/06/2020,4,1,unknown,north,ireland,confirmed,covid
11/06/2020,8,8,unknown,unknown,ireland,confirmed,covid
11/06/2020,-1,0,unknown,unknown,ireland, denotified, denotified
12/06/2020,16,1,unknown,north,ireland,confirmed,covid
12/06/2020,13,3,unknown,unknown,ireland,confirmed,covid
12/06/2020,-1,-1,unknown,unknown,ireland, denotified, denotified
13/06/2020,3,2,unknown,north,ireland,confirmed,covid
13/06/2020,24,5,unknown,unknown,ireland,confirmed,covid
13/06/2020,22,0,unknown,unknown,ireland, late_confirmed,covid
13/06/2020,-1,-5,unknown,unknown,ireland, denotified, denotified
14/06/2020,7,0,unknown,north,ireland,confirmed,covid
14/06/2020,8,1,unknown,unknown,ireland,confirmed,covid
14/06/2020,0,0,unknown,unknown,ireland, denotified, denotified
15/06/2020,4,0,unknown,north,ireland,confirmed,covid
15/06/2020,18,0,unknown,unknown,ireland,confirmed,covid
15/06/2020,0,0,unknown,unknown,ireland, denotified, denotified
16/06/2020,2,1,unknown,north,ireland,confirmed,covid
16/06/2020,14,3,unknown,unknown,ireland,confirmed,covid
16/06/2020,-1,0,unknown,unknown,ireland, denotified, denotified
17/06/2020,8,1,unknown,north,ireland,confirmed,covid
17/06/2020,8,3,unknown,unknown,ireland,confirmed,covid
17/06/2020,-1,-2,unknown,unknown,ireland, denotified, denotified
18/06/2020,1,0,unknown,north,ireland,confirmed,covid
18/06/2020,16,4,unknown,unknown,ireland,confirmed,covid
18/06/2020,-2,0,unknown,unknown,ireland, denotified, denotified
19/06/2020,3,1,unknown,north,ireland,confirmed,covid
19/06/2020,13,2,unknown,unknown,ireland,confirmed,covid
19/06/2020,0,-2,unknown,unknown,ireland, denotified, denotified
20/06/2020,0,1,unknown,north,ireland,confirmed,covid
20/06/2020,22,2,unknown,unknown,ireland,confirmed,covid
20/06/2020,-16,-1,unknown,unknown,ireland, denotified, denotified
21/06/2020,4,0,unknown,north,ireland,confirmed,covid
21/06/2020,6,0,unknown,unknown,ireland,confirmed,covid
21/06/2020,-1,0,unknown,unknown,ireland, denotified, denotified
22/06/2020,1,0,unknown,north,ireland,confirmed,covid
22/06/2020,4,2,unknown,unknown,ireland,confirmed,covid
23/06/2020,0,1,unknown,north,ireland,confirmed,covid
23/06/2020,10,3,unknown,unknown,ireland,confirmed,covid
23/06/2020,-2,0,unknown,unknown,ireland, denotified, denotified
24/06/2020,2,0,unknown,north,ireland,confirmed,covid
24/06/2020,5,6,unknown,unknown,ireland,confirmed,covid
25/06/2020,851,0,unknown,north,ireland,confirmed,covid
25/06/2020,11,1,unknown,unknown,ireland,confirmed,covid
25/06/2020,-2,0,unknown,unknown,ireland, denotified, denotified
26/06/2020,24,1,unknown,north,ireland,confirmed,covid
26/06/2020,11,3,unknown,unknown,ireland,confirmed,covid
26/06/2020,-2,0,unknown,unknown,ireland, denotified, denotified
27/06/2020,2,1,unknown,north,ireland,confirmed,covid
27/06/2020,23,6,unknown,unknown,ireland,confirmed,covid
27/06/2020,0,-2,unknown,unknown,ireland, denotified, denotified
28/06/2020,1,1,unknown,north,ireland,confirmed,covid
28/06/2020,3,1,unknown,unknown,ireland,confirmed,covid
28/06/2020,-1,0,unknown,unknown,ireland, denotified, denotified
29/06/2020,6,1,unknown,north,ireland,confirmed,covid
29/06/2020,24,0,unknown,unknown,ireland,confirmed,covid
29/06/2020,-1,0,unknown,unknown,ireland, denotified, denotified
30/06/2020,3,0,unknown,north,ireland,confirmed,covid
30/06/2020,11,1,unknown,unknown,ireland,confirmed,covid
01/07/2020,1,0,unknown,north,ireland,confirmed,covid
01/07/2020,6,3,unknown,unknown,ireland,confirmed,covid
01/07/2020,-2,-1,unknown,unknown,ireland, denotified, denotified
02/07/2020,7,1,unknown,north,ireland,confirmed,covid
02/07/2020,15,5,unknown,unknown,ireland,confirmed,covid
02/07/2020,-3,-5,unknown,unknown,ireland, denotified, denotified
03/07/2020,-26,2,unknown,north,ireland,confirmed,covid
03/07/2020,9,2,unknown,unknown,ireland,confirmed,covid
04/07/2020,0,0,unknown,north,ireland,confirmed,covid
04/07/2020,11,1,unknown,unknown,ireland,confirmed,covid
05/07/2020,0,0,unknown,north,ireland,confirmed,covid
05/07/2020,18,0,unknown,unknown,ireland,confirmed,covid
05/07/2020,0,0,unknown,unknown,ireland, denotified, denotified
06/07/2020,9,0,unknown,north,ireland,confirmed,covid
06/07/2020,4,0,unknown,unknown,ireland,confirmed,covid
07/07/2020,5,0,unknown,north,ireland,confirmed,covid
07/07/2020,24,1,unknown,unknown,ireland,confirmed,covid
07/07/2020,-17,0,unknown,unknown,ireland, denotified, denotified
08/07/2020,4,0,unknown,north,ireland,confirmed,covid
08/07/2020,11,0,unknown,unknown,ireland,confirmed,covid
08/07/2020,-7,-4,unknown,unknown,ireland, denotified, denotified
09/07/2020,3,0,unknown,north,ireland,confirmed,covid
09/07/2020,23,6,unknown,unknown,ireland,confirmed,covid
09/07/2020,0,-1,unknown,unknown,ireland, denotified, denotified
10/07/2020,4,0,unknown,north,ireland,confirmed,covid
10/07/2020,25,1,unknown,unknown,ireland,confirmed,covid
10/07/2020,-1,0,unknown,unknown,ireland, denotified, denotified
11/07/2020,0,0,unknown,north,ireland,confirmed,covid
11/07/2020,23,2,unknown,unknown,ireland,confirmed,covid
11/07/2020,-1,0,unknown,unknown,ireland, denotified, denotified
12/07/2020,0,0,unknown,north,ireland,confirmed,covid
12/07/2020,17,0,unknown,unknown,ireland,confirmed,covid
13/07/2020,6,2,unknown,north,ireland,confirmed,covid
13/07/2020,11,0,unknown,unknown,ireland,confirmed,covid
13/07/2020,-1,0,unknown,unknown,ireland, denotified, denotified
14/07/2020,12,0,unknown,north,ireland,confirmed,covid
14/07/2020,32,0,unknown,unknown,ireland,confirmed,covid
15/07/2020,9,0,unknown,north,ireland,confirmed,covid
15/07/2020,14,2,unknown,unknown,ireland,confirmed,covid
15/07/2020,-1,0,unknown,unknown,ireland, denotified, denotified
16/07/2020,16,0,unknown,north,ireland,confirmed,covid
16/07/2020,21,1,unknown,unknown,ireland,confirmed,covid
16/07/2020,-6,0,unknown,unknown,ireland, denotified, denotified
17/07/2020,19,0,unknown,north,ireland,confirmed,covid
17/07/2020,34,3,unknown,unknown,ireland,confirmed,covid
17/07/2020,-2,0,unknown,unknown,ireland, denotified, denotified
18/07/2020,9,0,unknown,north,ireland,confirmed,covid
18/07/2020,21,2,unknown,unknown,ireland,confirmed,covid
18/07/2020,-1,-1,unknown,unknown,ireland, denotified, denotified
19/07/2020,23,0,unknown,north,ireland,confirmed,covid
19/07/2020,10,0,unknown,unknown,ireland,confirmed,covid
20/07/2020,2,0,unknown,north,ireland,confirmed,covid
20/07/2020,6,0,unknown,unknown,ireland,confirmed,covid
21/07/2020,9,0,unknown,north,ireland,confirmed,covid
21/07/2020,36,0,unknown,unknown,ireland,confirmed,covid
22/07/2020,8,0,unknown,north,ireland,confirmed,covid
22/07/2020,17,1,unknown,unknown,ireland,confirmed,covid
23/07/2020,0,0,unknown,north,ireland,confirmed,covid
23/07/2020,7,9,unknown,unknown,ireland,confirmed,covid
24/07/2020,15,0,unknown,north,ireland,confirmed,covid
24/07/2020,20,0,unknown,unknown,ireland,confirmed,covid
24/07/2020,-1,0,unknown,unknown,ireland, denotified, denotified
25/07/2020,7,0,unknown,north,ireland,confirmed,covid
25/07/2020,24,1,unknown,unknown,ireland,confirmed,covid
26/07/2020,7,0,unknown,north,ireland,confirmed,covid
26/07/2020,12,0,unknown,unknown,ireland,confirmed,covid
27/07/2020,7,0,unknown,north,ireland,confirmed,covid
27/07/2020,11,0,unknown,unknown,ireland,confirmed,covid
28/07/2020,9,0,unknown,north,ireland,confirmed,covid
28/07/2020,40,0,unknown,unknown,ireland,confirmed,covid
28/07/2020,-3,0,unknown,unknown,ireland, denotified, denotified
29/07/2020,9,0,unknown,north,ireland,confirmed,covid
29/07/2020,14,0,unknown,unknown,ireland,confirmed,covid
29/07/2020,-1,0,unknown,unknown,ireland, denotified, denotified
30/07/2020,8,0,unknown,north,ireland,confirmed,covid
30/07/2020,85,1,unknown,unknown,ireland,confirmed,covid
30/07/2020,0,-2,unknown,unknown,ireland, denotified, denotified
31/07/2020,10,0,unknown,north,ireland,confirmed,covid
31/07/2020,38,0,unknown,unknown,ireland,confirmed,covid
01/08/2020,13,0,unknown,north,ireland,confirmed,covid
01/08/2020,45,0,unknown,unknown,ireland,confirmed,covid
01/08/2020,-1,0,unknown,unknown,ireland, denotified, denotified
02/08/2020,13,0,unknown,north,ireland,confirmed,covid
02/08/2020,53,0,unknown,unknown,ireland,confirmed,covid
03/08/2020,14,0,unknown,north,ireland,confirmed,covid
03/08/2020,46,0,unknown,unknown,ireland,confirmed,covid
04/08/2020,8,0,unknown,north,ireland,confirmed,covid
04/08/2020,45,0,unknown,unknown,ireland,confirmed,covid
05/08/2020,10,0,unknown,north,ireland,confirmed,covid
05/08/2020,50,0,unknown,unknown,ireland,confirmed,covid
06/08/2020,43,0,unknown,north,ireland,confirmed,covid
06/08/2020,69,5,unknown,unknown,ireland,confirmed,covid
07/08/2020,15,0,unknown,north,ireland,confirmed,covid
07/08/2020,98,4,unknown,unknown,ireland,confirmed,covid
08/08/2020,25,0,unknown,north,ireland,confirmed,covid
08/08/2020,174,1,unknown,unknown,ireland,confirmed,covid
08/08/2020,0,-1,unknown,unknown,ireland, denotified, denotified
09/08/2020,25,0,unknown,north,ireland,confirmed,covid
09/08/2020,68,0,unknown,unknown,ireland,confirmed,covid
10/08/2020,26,1,unknown,north,ireland,confirmed,covid
10/08/2020,57,0,unknown,unknown,ireland,confirmed,covid
10/08/2020,-1,0,unknown,unknown,ireland, denotified, denotified
11/08/2020,48,0,unknown,north,ireland,confirmed,covid
11/08/2020,35,1,unknown,unknown,ireland,confirmed,covid
11/08/2020,-2,0,unknown,unknown,ireland, denotified, denotified
12/08/2020,29,0,unknown,north,ireland,confirmed,covid
12/08/2020,40,1,unknown,unknown,ireland,confirmed,covid
12/08/2020,-3,0,unknown,unknown,ireland, denotified, denotified
13/08/2020,8,0,unknown,north,ireland,confirmed,covid
13/08/2020,92,0,unknown,unknown,ireland,confirmed,covid
13/08/2020,-1,0,unknown,unknown,ireland, denotified, denotified
14/08/2020,74,1,unknown,north,ireland,confirmed,covid
14/08/2020,67,0,unknown,unknown,ireland,confirmed,covid
14/08/2020,-1,0,unknown,unknown,ireland, denotified, denotified
15/08/2020,65,0,unknown,north,ireland,confirmed,covid
15/08/2020,200,0,unknown,unknown,ireland,confirmed,covid
15/08/2020,-4,0,unknown,unknown,ireland, denotified, denotified
16/08/2020,27,0,unknown,north,ireland,confirmed,covid
16/08/2020,66,0,unknown,unknown,ireland,confirmed,covid
17/08/2020,39,0,unknown,north,ireland,confirmed,covid
17/08/2020,56,0,unknown,unknown,ireland,confirmed,covid
18/08/2020,41,0,unknown,north,ireland,confirmed,covid
18/08/2020,190,1,unknown,unknown,ireland,confirmed,covid
18/08/2020,-4,0,unknown,unknown,ireland, denotified, denotified
19/08/2020,34,0,unknown,north,ireland,confirmed,covid
19/08/2020,54,2,unknown,unknown,ireland,confirmed,covid
19/08/2020,-6,-2,unknown,unknown,ireland, denotified, denotified
20/08/2020,51,0,unknown,north,ireland,confirmed,covid
20/08/2020,136,1,unknown,unknown,ireland,confirmed,covid
20/08/2020,-7,0,unknown,unknown,ireland, denotified, denotified
21/08/2020,20,0,unknown,north,ireland,confirmed,covid
21/08/2020,79,0,unknown,unknown,ireland,confirmed,covid
22/08/2020,71,0,unknown,north,ireland,confirmed,covid
22/08/2020,156,2,unknown,unknown,ireland,confirmed,covid
22/08/2020,-3,-1,unknown,unknown,ireland, denotified, denotified
23/08/2020,119,0,unknown,north,ireland,confirmed,covid
23/08/2020,61,0,unknown,unknown,ireland,confirmed,covid
24/08/2020,10,0,unknown,north,ireland,confirmed,covid
24/08/2020,147,0,unknown,unknown,ireland,confirmed,covid
25/08/2020,47,0,unknown,north,ireland,confirmed,covid
25/08/2020,92,0,unknown,unknown,ireland,confirmed,covid
25/08/2020,-7,0,unknown,unknown,ireland, denotified, denotified
26/08/2020,72,0,unknown,north,ireland,confirmed,covid
26/08/2020,164,0,unknown,unknown,ireland,confirmed,covid
26/08/2020,-2,0,unknown,unknown,ireland, denotified, denotified
27/08/2020,69,0,unknown,north,ireland,confirmed,covid
27/08/2020,93,0,unknown,unknown,ireland,confirmed,covid
27/08/2020,-3,0,unknown,unknown,ireland, denotified, denotified
28/08/2020,85,0,unknown,north,ireland,confirmed,covid
28/08/2020,127,0,unknown,unknown,ireland,confirmed,covid
28/08/2020,-2,0,unknown,unknown,ireland, denotified, denotified
29/08/2020,89,0,unknown,north,ireland,confirmed,covid
29/08/2020,142,0,unknown,unknown,ireland,confirmed,covid
30/08/2020,49,0,unknown,north,ireland,confirmed,covid
30/08/2020,42,0,unknown,unknown,ireland,confirmed,covid
30/08/2020,-2,0,unknown,unknown,ireland, denotified, denotified
31/08/2020,58,0,unknown,north,ireland,confirmed,covid
31/08/2020,53,0,unknown,unknown,ireland,confirmed,covid
31/08/2020,-2,0,unknown,unknown,ireland, denotified, denotified
01/09/2020,49,0,unknown,north,ireland,confirmed,covid
01/09/2020,217,0,unknown,unknown,ireland,confirmed,covid
01/09/2020,-3,0,unknown,unknown,ireland, denotified, denotified
02/09/2020,71,2,unknown,north,ireland,confirmed,covid
02/09/2020,89,1,unknown,unknown,ireland,confirmed,covid
02/09/2020,0,-1,unknown,unknown,ireland, denotified, denotified
03/09/2020,77,1,unknown,north,ireland,confirmed,covid
03/09/2020,95,0,unknown,unknown,ireland,confirmed,covid
03/09/2020,-3,0,unknown,unknown,ireland, denotified, denotified
04/09/2020,61,2,unknown,north,ireland,confirmed,covid
04/09/2020,98,0,unknown,unknown,ireland,confirmed,covid
04/09/2020,-1,0,unknown,unknown,ireland, denotified, denotified
05/09/2020,118,0,unknown,north,ireland,confirmed,covid
05/09/2020,231,0,unknown,unknown,ireland,confirmed,covid
06/09/2020,106,0,unknown,north,ireland,confirmed,covid
06/09/2020,138,0,unknown,unknown,ireland,confirmed,covid
07/09/2020,141,1,unknown,north,ireland,confirmed,covid
07/09/2020,102,0,unknown,unknown,ireland,confirmed,covid
08/09/2020,40,2,unknown,north,ireland,confirmed,covid
08/09/2020,307,1,unknown,unknown,ireland,confirmed,covid
08/09/2020,-1,0,unknown,unknown,ireland, denotified, denotified
09/09/2020,49,0,unknown,north,ireland,confirmed,covid
09/09/2020,84,3,unknown,unknown,ireland,confirmed,covid
10/09/2020,78,1,unknown,north,ireland,confirmed,covid
10/09/2020,196,0,unknown,unknown,ireland,confirmed,covid
11/09/2020,88,0,unknown,north,ireland,confirmed,covid
11/09/2020,211,1,unknown,unknown,ireland,confirmed,covid
11/09/2020,0,-1,unknown,unknown,ireland, denotified, denotified
12/09/2020,104,0,unknown,north,ireland,confirmed,covid
12/09/2020,159,2,unknown,unknown,ireland,confirmed,covid
13/09/2020,87,0,unknown,north,ireland,confirmed,covid
13/09/2020,255,1,unknown,unknown,ireland,confirmed,covid
14/09/2020,109,2,unknown,north,ireland,confirmed,covid
14/09/2020,208,0,unknown,unknown,ireland,confirmed,covid
14/09/2020,-1,0,unknown,unknown,ireland, denotified, denotified
15/09/2020,79,1,unknown,north,ireland,confirmed,covid
15/09/2020,357,3,unknown,unknown,ireland,confirmed,covid
16/09/2020,129,2,unknown,north,ireland,confirmed,covid
16/09/2020,254,3,unknown,unknown,ireland,confirmed,covid
16/09/2020,-4,-2,unknown,unknown,ireland, denotified, denotified
17/09/2020,149,0,unknown,north,ireland,confirmed,covid
17/09/2020,240,1,unknown,unknown,ireland,confirmed,covid
17/09/2020,-16,0,unknown,unknown,ireland, denotified, denotified
18/09/2020,163,2,unknown,north,ireland,confirmed,covid
18/09/2020,253,3,unknown,unknown,ireland,confirmed,covid
18/09/2020,-5,0,unknown,unknown,ireland, denotified, denotified
19/09/2020,222,0,unknown,north,ireland,confirmed,covid
19/09/2020,274,0,unknown,unknown,ireland,confirmed,covid
19/09/2020,-7,0,unknown,unknown,ireland, denotified, denotified
20/09/2020,176,0,unknown,north,ireland,confirmed,covid
20/09/2020,396,0,unknown,unknown,ireland,confirmed,covid
20/09/2020,-1,0,unknown,unknown,ireland, denotified, denotified
21/09/2020,125,2,unknown,north,ireland,confirmed,covid
21/09/2020,188,0,unknown,unknown,ireland,confirmed,covid
22/09/2020,75,0,unknown,north,ireland,confirmed,covid
22/09/2020,334,0,unknown,unknown,ireland,confirmed,covid
22/09/2020,-11,0,unknown,unknown,ireland, denotified, denotified
23/09/2020,220,0,unknown,north,ireland,confirmed,covid
23/09/2020,234,2,unknown,unknown,ireland,confirmed,covid
23/09/2020,-3,0,unknown,unknown,ireland, denotified, denotified
24/09/2020,189,0,unknown,north,ireland,confirmed,covid
24/09/2020,324,3,unknown,unknown,ireland,confirmed,covid
24/09/2020,-5,0,unknown,unknown,ireland, denotified, denotified
25/09/2020,273,0,unknown,north,ireland,confirmed,covid
25/09/2020,326,0,unknown,unknown,ireland,confirmed,covid
25/09/2020,-5,0,unknown,unknown,ireland, denotified, denotified
26/09/2020,319,1,unknown,north,ireland,confirmed,covid
26/09/2020,248,5,unknown,unknown,ireland,confirmed,covid
26/09/2020,-3,0,unknown,unknown,ireland, denotified, denotified
27/09/2020,187,0,unknown,north,ireland,confirmed,covid
27/09/2020,430,0,unknown,unknown,ireland,confirmed,covid
28/09/2020,220,0,unknown,north,ireland,confirmed,covid
28/09/2020,390,0,unknown,unknown,ireland,confirmed,covid
28/09/2020,-3,0,unknown,unknown,ireland, denotified, denotified
29/09/2020,320,0,unknown,north,ireland,confirmed,covid
29/09/2020,363,1,unknown,unknown,ireland,confirmed,covid
30/09/2020,424,1,unknown,north,ireland,confirmed,covid
30/09/2020,429,1,unknown,unknown,ireland,confirmed,covid
30/09/2020,-14,0,unknown,unknown,ireland, denotified, denotified
01/10/2020,259,2,unknown,north,ireland,confirmed,covid
01/10/2020,442,4,unknown,unknown,ireland,confirmed,covid
01/10/2020,0,-2,unknown,unknown,ireland, denotified, denotified
02/10/2020,934,1,unknown,north,ireland,confirmed,covid
02/10/2020,470,1,unknown,unknown,ireland,confirmed,covid
02/10/2020,-4,-6,unknown,unknown,ireland, denotified, denotified
03/10/2020,726,1,unknown,north,ireland,confirmed,covid
03/10/2020,613,10,unknown,unknown,ireland,confirmed,covid
03/10/2020,-8,-1,unknown,unknown,ireland, denotified, denotified
04/10/2020,462,1,unknown,north,ireland,confirmed,covid
04/10/2020,364,0,unknown,unknown,ireland,confirmed,covid
05/10/2020,616,0,unknown,north,ireland,confirmed,covid
05/10/2020,518,0,unknown,unknown,ireland,confirmed,covid
05/10/2020,-1,0,unknown,unknown,ireland, denotified, denotified
06/10/2020,669,1,unknown,north,ireland,confirmed,covid
06/10/2020,432,1,unknown,unknown,ireland,confirmed,covid
06/10/2020,-8,0,unknown,unknown,ireland, denotified, denotified
07/10/2020,828,1,unknown,north,ireland,confirmed,covid
07/10/2020,611,5,unknown,unknown,ireland,confirmed,covid
08/10/2020,923,1,unknown,north,ireland,confirmed,covid
08/10/2020,506,1,unknown,unknown,ireland,confirmed,covid
08/10/2020,-4,0,unknown,unknown,ireland, denotified, denotified
09/10/2020,1080,0,unknown,north,ireland,confirmed,covid
09/10/2020,617,5,unknown,unknown,ireland,confirmed,covid
09/10/2020,0,-1,unknown,unknown,ireland, denotified, denotified
10/10/2020,902,0,unknown,north,ireland,confirmed,covid
10/10/2020,1012,3,unknown,unknown,ireland,confirmed,covid
10/10/2020,-1,0,unknown,unknown,ireland, denotified, denotified
11/10/2020,1066,1,unknown,north,ireland,confirmed,covid
11/10/2020,814,2,unknown,unknown,ireland,confirmed,covid
12/10/2020,877,3,unknown,north,ireland,confirmed,covid
12/10/2020,825,1,unknown,unknown,ireland,confirmed,covid
12/10/2020,-2,0,unknown,unknown,ireland, denotified, denotified
13/10/2020,863,7,unknown,north,ireland,confirmed,covid
13/10/2020,811,3,unknown,unknown,ireland,confirmed,covid
13/10/2020,-3,0,unknown,unknown,ireland, denotified, denotified
14/10/2020,1217,4,unknown,north,ireland,confirmed,covid
14/10/2020,1095,5,unknown,unknown,ireland,confirmed,covid
14/10/2020,-11,0,unknown,unknown,ireland, denotified, denotified
15/10/2020,763,4,unknown,north,ireland,confirmed,covid
15/10/2020,1205,3,unknown,unknown,ireland,confirmed,covid
15/10/2020,-19,0,unknown,unknown,ireland, denotified, denotified
16/10/2020,1299,2,unknown,north,ireland,confirmed,covid
16/10/2020,1000,3,unknown,unknown,ireland,confirmed,covid
16/10/2020,-26,0,unknown,unknown,ireland, denotified, denotified
17/10/2020,1031,2,unknown,north,ireland,confirmed,covid
17/10/2020,1276,8,unknown,unknown,ireland,confirmed,covid
18/10/2020,1012,5,unknown,north,ireland,confirmed,covid
18/10/2020,1283,3,unknown,unknown,ireland,confirmed,covid
19/10/2020,821,6,unknown,north,ireland,confirmed,covid
19/10/2020,1031,0,unknown,unknown,ireland,confirmed,covid
20/10/2020,913,3,unknown,north,ireland,confirmed,covid
20/10/2020,1269,13,unknown,unknown,ireland,confirmed,covid
20/10/2020,-6,0,unknown,unknown,ireland, denotified, denotified
21/10/2020,1039,5,unknown,north,ireland,confirmed,covid
21/10/2020,1167,3,unknown,unknown,ireland,confirmed,covid
21/10/2020,-1,0,unknown,unknown,ireland, denotified, denotified
22/10/2020,1042,5,unknown,north,ireland,confirmed,covid
22/10/2020,1066,3,unknown,unknown,ireland,confirmed,covid
22/10/2020,-12,0,unknown,unknown,ireland, denotified, denotified