date,time,ncase,type
07/03/2020,08:00,15,hospitalised
08/03/2020,08:00,16,hospitalised
09/03/2020,08:00,17,hospitalised
10/03/2020,08:00,25,hospitalised
11/03/2020,08:00,31,hospitalised
12/03/2020,08:00,44,hospitalised
13/03/2020,08:00,35,hospitalised
14/03/2020,08:00,37,hospitalised
15/03/2020,08:00,40,hospitalised
16/03/2020,08:00,54,hospitalised
17/03/2020,08:00,60,hospitalised
18/03/2020,08:00,78,hospitalised
19/03/2020,08:00,97,hospitalised
20/03/2020,08:00,131,hospitalised
21/03/2020,08:00,149,hospitalised
22/03/2020,08:00,176,hospitalised
23/03/2020,08:00,216,hospitalised
24/03/2020,08:00,237,hospitalised
25/03/2020,08:00,287,hospitalised
26/03/2020,08:00,327,hospitalised
27/03/2020,08:00,377,hospitalised
28/03/2020,08:00,80,icu_confirmed
28/03/2020,18:30,90,icu_confirmed
28/03/2020,08:00,439,hospitalised
29/03/2020,08:00,96,icu_confirmed
29/03/2020,18:30,98,icu_confirmed
29/03/2020,08:00,510,hospitalised
30/03/2020,08:00,107,icu_confirmed
30/03/2020,18:30,111,icu_confirmed
30/03/2020,08:00,569,hospitalised
31/03/2020,08:00,120,icu_confirmed
31/03/2020,18:30,122,icu_confirmed
31/03/2020,08:00,35,icu_suspected
31/03/2020,18:30,33,icu_suspected
31/03/2020,08:00,593,hospitalised
01/04/2020,08:00,128,icu_confirmed
01/04/2020,18:30,130,icu_confirmed
01/04/2020,08:00,32,icu_suspected
01/04/2020,18:30,28,icu_suspected
01/04/2020,08:00,652,hospitalised
02/04/2020,08:00,132,icu_confirmed
02/04/2020,18:30,138,icu_confirmed
02/04/2020,08:00,22,icu_suspected
02/04/2020,18:30,19,icu_suspected
02/04/2020,08:00,653,hospitalised
03/04/2020,08:00,137,icu_confirmed
03/04/2020,18:30,139,icu_confirmed
03/04/2020,08:00,21,icu_suspected
03/04/2020,18:30,20,icu_suspected
03/04/2020,08:00,701,hospitalised
04/04/2020,08:00,140,icu_confirmed
04/04/2020,18:30,142,icu_confirmed
04/04/2020,08:00,28,icu_suspected
04/04/2020,18:30,24,icu_suspected
04/04/2020,08:00,735,hospitalised
05/04/2020,08:00,139,icu_confirmed
05/04/2020,18:30,140,icu_confirmed
05/04/2020,08:00,29,icu_suspected
05/04/2020,18:30,25,icu_suspected
05/04/2020,08:00,699,hospitalised
06/04/2020,08:00,144,icu_confirmed
06/04/2020,18:30,140,icu_confirmed
06/04/2020,08:00,30,icu_suspected
06/04/2020,18:30,32,icu_suspected
06/04/2020,08:00,826,hospitalised
07/04/2020,08:00,143,icu_confirmed
07/04/2020,18:30,146,icu_confirmed
07/04/2020,08:00,22,icu_suspected
07/04/2020,18:30,17,icu_suspected
07/04/2020,08:00,824,hospitalised
08/04/2020,08:00,146,icu_confirmed
08/04/2020,18:30,149,icu_confirmed
08/04/2020,08:00,21,icu_suspected
08/04/2020,18:30,28,icu_suspected
08/04/2020,08:00,833,hospitalised
09/04/2020,08:00,151,icu_confirmed
09/04/2020,18:30,160,icu_confirmed
09/04/2020,08:00,18,icu_suspected
09/04/2020,18:30,23,icu_suspected
09/04/2020,08:00,834,hospitalised
10/04/2020,08:00,155,icu_confirmed
10/04/2020,18:30,150,icu_confirmed
10/04/2020,08:00,30,icu_suspected
10/04/2020,18:30,28,icu_suspected
10/04/2020,08:00,821,hospitalised
11/04/2020,08:00,155,icu_confirmed
11/04/2020,18:30,156,icu_confirmed
11/04/2020,08:00,27,icu_suspected
11/04/2020,18:30,25,icu_suspected
11/04/2020,08:00,852,hospitalised
12/04/2020,08:00,148,icu_confirmed
12/04/2020,18:30,148,icu_confirmed
12/04/2020,08:00,21,icu_suspected
12/04/2020,18:30,21,icu_suspected
12/04/2020,08:00,849,hospitalised
13/04/2020,08:00,143,icu_confirmed
13/04/2020,18:30,144,icu_confirmed
13/04/2020,08:00,34,icu_suspected
13/04/2020,18:30,29,icu_suspected
13/04/2020,18:30,105,ventilated_confirmed
13/04/2020,18:30,15,ventilated_suspected
13/04/2020,08:00,864,hospitalised
14/04/2020,08:00,149,icu_confirmed
14/04/2020,18:30,147,icu_confirmed
14/04/2020,08:00,25,icu_suspected
14/04/2020,18:30,24,icu_suspected
14/04/2020,18:30,99,ventilated_confirmed
14/04/2020,18:30,11,ventilated_suspected
14/04/2020,20:00,864,hospitalised
15/04/2020,08:00,140,icu_confirmed
15/04/2020,18:30,142,icu_confirmed
15/04/2020,08:00,26,icu_suspected
15/04/2020,18:30,27,icu_suspected
15/04/2020,18:30,94,ventilated_confirmed
15/04/2020,18:30,14,ventilated_suspected
15/04/2020,20:00,846,hospitalised
16/04/2020,08:00,142,icu_confirmed
16/04/2020,18:30,138,icu_confirmed
16/04/2020,08:00,34,icu_suspected
16/04/2020,18:30,38,icu_suspected
16/04/2020,18:30,90,ventilated_confirmed
16/04/2020,18:30,21,ventilated_suspected
16/04/2020,20:00,839,hospitalised
17/04/2020,08:00,137,icu_confirmed
17/04/2020,18:30,132,icu_confirmed
17/04/2020,08:00,42,icu_suspected
17/04/2020,18:30,34,icu_suspected
17/04/2020,18:30,88,ventilated_confirmed
17/04/2020,18:30,14,ventilated_suspected
17/04/2020,20:00,798,hospitalised
18/04/2020,08:00,134,icu_confirmed
18/04/2020,18:30,140,icu_confirmed
18/04/2020,08:00,29,icu_suspected
18/04/2020,18:30,27,icu_suspected
18/04/2020,18:30,94,ventilated_confirmed
18/04/2020,18:30,12,ventilated_suspected
18/04/2020,20:00,816,hospitalised
19/04/2020,08:00,133,icu_confirmed
19/04/2020,18:30,138,icu_confirmed
19/04/2020,08:00,25,icu_suspected
19/04/2020,18:30,20,icu_suspected
19/04/2020,18:30,91,ventilated_confirmed
19/04/2020,18:30,11,ventilated_suspected
19/04/2020,20:00,837,hospitalised
20/04/2020,08:00,139,icu_confirmed
20/04/2020,18:30,138,icu_confirmed
20/04/2020,08:00,28,icu_suspected
20/04/2020,18:30,23,icu_suspected
20/04/2020,18:30,94,ventilated_confirmed
20/04/2020,18:30,14,ventilated_suspected
20/04/2020,20:00,797,hospitalised
21/04/2020,08:00,133,icu_confirmed
21/04/2020,18:30,132,icu_confirmed
21/04/2020,08:00,31,icu_suspected
21/04/2020,18:30,23,icu_suspected
21/04/2020,18:30,88,ventilated_confirmed
21/04/2020,18:30,15,ventilated_suspected
21/04/2020,20:00,770,hospitalised
22/04/2020,08:00,131,icu_confirmed
22/04/2020,18:30,130,icu_confirmed
22/04/2020,08:00,26,icu_suspected
22/04/2020,18:30,27,icu_suspected
22/04/2020,18:30,87,ventilated_confirmed
22/04/2020,18:30,14,ventilated_suspected
22/04/2020,20:00,751,hospitalised
23/04/2020,08:00,123,icu_confirmed
23/04/2020,18:30,123,icu_confirmed
23/04/2020,08:00,25,icu_suspected
23/04/2020,18:30,28,icu_suspected
23/04/2020,18:30,83,ventilated_confirmed
23/04/2020,18:30,11,ventilated_suspected
23/04/2020,20:00,729,hospitalised
24/04/2020,08:00,121,icu_confirmed
24/04/2020,18:30,118,icu_confirmed
24/04/2020,08:00,25,icu_suspected
24/04/2020,18:30,18,icu_suspected
24/04/2020,18:30,73,ventilated_confirmed
24/04/2020,18:30,7,ventilated_suspected
24/04/2020,20:00,733,hospitalised
25/04/2020,08:00,122,icu_confirmed
25/04/2020,18:30,123,icu_confirmed
25/04/2020,08:00,23,icu_suspected
25/04/2020,18:30,21,icu_suspected
25/04/2020,18:30,69,ventilated_confirmed
25/04/2020,18:30,7,ventilated_suspected
25/04/2020,20:00,749,hospitalised
26/04/2020,08:00,119,icu_confirmed
26/04/2020,18:30,120,icu_confirmed
26/04/2020,08:00,17,icu_suspected
26/04/2020,18:30,13,icu_suspected
26/04/2020,18:30,67,ventilated_confirmed
26/04/2020,18:30,5,ventilated_suspected
26/04/2020,20:00,770,hospitalised
27/04/2020,08:00,113,icu_confirmed
27/04/2020,18:30,117,icu_confirmed
27/04/2020,08:00,13,icu_suspected
27/04/2020,18:30,11,icu_suspected
27/04/2020,18:30,68,ventilated_confirmed
27/04/2020,18:30,3,ventilated_suspected
27/04/2020,20:00,752,hospitalised
28/04/2020,08:00,113,icu_confirmed
28/04/2020,18:30,113,icu_confirmed
28/04/2020,08:00,18,icu_suspected
28/04/2020,18:30,14,icu_suspected
28/04/2020,18:30,72,ventilated_confirmed
28/04/2020,18:30,5,ventilated_suspected
28/04/2020,20:00,745,hospitalised
29/04/2020,08:00,105,icu_confirmed
29/04/2020,18:30,103,icu_confirmed
29/04/2020,08:00,19,icu_suspected
29/04/2020,18:30,17,icu_suspected
29/04/2020,18:30,69,ventilated_confirmed
29/04/2020,18:30,7,ventilated_suspected
29/04/2020,20:00,743,hospitalised
30/04/2020,08:00,106,icu_confirmed
30/04/2020,18:30,105,icu_confirmed
30/04/2020,08:00,17,icu_suspected
30/04/2020,18:30,18,icu_suspected
30/04/2020,18:30,73,ventilated_confirmed
30/04/2020,18:30,6,ventilated_suspected
30/04/2020,20:00,721,hospitalised
01/05/2020,08:00,103,icu_confirmed
01/05/2020,18:30,99,icu_confirmed
01/05/2020,08:00,20,icu_suspected
01/05/2020,18:30,21,icu_suspected
01/05/2020,18:30,67,ventilated_confirmed
01/05/2020,18:30,7,ventilated_suspected
01/05/2020,20:00,706,hospitalised
02/05/2020,08:00,99,icu_confirmed
02/05/2020,18:30,98,icu_confirmed
02/05/2020,08:00,20,icu_suspected
02/05/2020,18:30,22,icu_suspected
02/05/2020,18:30,67,ventilated_confirmed
02/05/2020,18:30,10,ventilated_suspected
02/05/2020,20:00,688,hospitalised
03/05/2020,08:00,93,icu_confirmed
03/05/2020,18:30,93,icu_confirmed
03/05/2020,08:00,25,icu_suspected
03/05/2020,18:30,20,icu_suspected
03/05/2020,18:30,60,ventilated_confirmed
03/05/2020,18:30,5,ventilated_suspected
03/05/2020,20:00,665,hospitalised
04/05/2020,08:00,94,icu_confirmed
04/05/2020,18:30,91,icu_confirmed
04/05/2020,08:00,21,icu_suspected
04/05/2020,18:30,19,icu_suspected
04/05/2020,18:30,56,ventilated_confirmed
04/05/2020,18:30,4,ventilated_suspected
04/05/2020,20:00,672,hospitalised
05/05/2020,08:00,90,icu_confirmed
05/05/2020,18:30,90,icu_confirmed
05/05/2020,08:00,16,icu_suspected
05/05/2020,18:30,15,icu_suspected
05/05/2020,18:30,53,ventilated_confirmed
05/05/2020,18:30,6,ventilated_suspected
05/05/2020,20:00,651,hospitalised
06/05/2020,18:30,82,icu_confirmed
06/05/2020,18:30,19,icu_suspected
06/05/2020,18:30,52,ventilated_confirmed
06/05/2020,18:30,5,ventilated_suspected
06/05/2020,20:00,618,hospitalised
07/05/2020,18:30,76,icu_confirmed
07/05/2020,18:30,17,icu_suspected
07/05/2020,18:30,50,ventilated_confirmed
07/05/2020,18:30,5,ventilated_suspected
07/05/2020,20:00,569,hospitalised
08/05/2020,18:30,72,icu_confirmed
08/05/2020,18:30,22,icu_suspected
08/05/2020,18:30,52,ventilated_confirmed
08/05/2020,18:30,11,ventilated_suspected
08/05/2020,20:00,535,hospitalised
09/05/2020,18:30,72,icu_confirmed
09/05/2020,18:30,22,icu_suspected
09/05/2020,18:30,51,ventilated_confirmed
09/05/2020,18:30,10,ventilated_suspected
09/05/2020,20:00,543,hospitalised
10/05/2020,18:30,72,icu_confirmed
10/05/2020,18:30,18,icu_suspected
10/05/2020,18:30,50,ventilated_confirmed
10/05/2020,18:30,7,ventilated_suspected
10/05/2020,20:00,545,hospitalised
11/05/2020,18:30,69,icu_confirmed
11/05/2020,18:30,18,icu_suspected
11/05/2020,18:30,47,ventilated_confirmed
11/05/2020,18:30,6,ventilated_suspected
11/05/2020,20:00,529,hospitalised
12/05/2020,18:30,67,icu_confirmed
12/05/2020,18:30,20,icu_suspected
12/05/2020,18:30,45,ventilated_confirmed
12/05/2020,18:30,6,ventilated_suspected
12/05/2020,20:00,487,hospitalised
13/05/2020,18:30,62,icu_confirmed
13/05/2020,18:30,18,icu_suspected
13/05/2020,18:30,43,ventilated_confirmed
13/05/2020,18:30,6,ventilated_suspected
13/05/2020,20:00,449,hospitalised
14/05/2020,18:30,59,icu_confirmed
14/05/2020,18:30,18,icu_suspected
14/05/2020,18:30,44,ventilated_confirmed
14/05/2020,18:30,7,ventilated_suspected
14/05/2020,20:00,419,hospitalised
15/05/2020,18:30,56,icu_confirmed
15/05/2020,18:30,17,icu_suspected
15/05/2020,18:30,40,ventilated_confirmed
15/05/2020,18:30,4,ventilated_suspected
15/05/2020,20:00,390,hospitalised
16/05/2020,18:30,54,icu_confirmed
16/05/2020,18:30,15,icu_suspected
16/05/2020,18:30,38,ventilated_confirmed
16/05/2020,18:30,3,ventilated_suspected
16/05/2020,20:00,394,hospitalised
17/05/2020,18:30,51,icu_confirmed
17/05/2020,18:30,25,icu_suspected
17/05/2020,18:30,34,ventilated_confirmed
17/05/2020,18:30,12,ventilated_suspected
17/05/2020,20:00,375,hospitalised
18/05/2020,18:30,55,icu_confirmed
18/05/2020,18:30,29,icu_suspected
18/05/2020,18:30,39,ventilated_confirmed
18/05/2020,18:30,9,ventilated_suspected
18/05/2020,20:00,376,hospitalised
19/05/2020,18:30,54,icu_confirmed
19/05/2020,18:30,19,icu_suspected
19/05/2020,18:30,38,ventilated_confirmed
19/05/2020,18:30,6,ventilated_suspected
19/05/2020,20:00,364,hospitalised
20/05/2020,18:30,49,icu_confirmed
20/05/2020,18:30,21,icu_suspected
20/05/2020,18:30,35,ventilated_confirmed
20/05/2020,18:30,7,ventilated_suspected
20/05/2020,20:00,313,hospitalised
21/05/2020,18:30,52,icu_confirmed
21/05/2020,18:30,23,icu_suspected
21/05/2020,18:30,36,ventilated_confirmed
21/05/2020,18:30,7,ventilated_suspected
21/05/2020,20:00,300,hospitalised
22/05/2020,18:30,49,icu_confirmed
22/05/2020,18:30,15,icu_suspected
22/05/2020,18:30,34,ventilated_confirmed
22/05/2020,18:30,8,ventilated_suspected
22/05/2020,20:00,298,hospitalised
23/05/2020,18:30,51,icu_confirmed
23/05/2020,18:30,16,icu_suspected
23/05/2020,18:30,35,ventilated_confirmed
23/05/2020,18:30,6,ventilated_suspected
23/05/2020,20:00,301,hospitalised
24/05/2020,18:30,49,icu_confirmed
24/05/2020,18:30,20,icu_suspected
24/05/2020,18:30,33,ventilated_confirmed
24/05/2020,18:30,8,ventilated_suspected
24/05/2020,20:00,303,hospitalised
25/05/2020,18:30,48,icu_confirmed
25/05/2020,18:30,19,icu_suspected
25/05/2020,18:30,30,ventilated_confirmed
25/05/2020,18:30,10,ventilated_suspected
25/05/2020,20:00,288,hospitalised
26/05/2020,18:30,48,icu_confirmed
26/05/2020,18:30,14,icu_suspected
26/05/2020,18:30,28,ventilated_confirmed
26/05/2020,18:30,7,ventilated_suspected
26/05/2020,20:00,218,hospitalised
27/05/2020,18:30,48,icu_confirmed
27/05/2020,18:30,12,icu_suspected
27/05/2020,18:30,32,ventilated_confirmed
27/05/2020,18:30,6,ventilated_suspected
27/05/2020,20:00,233,hospitalised
28/05/2020,18:30,45,icu_confirmed
28/05/2020,18:30,15,icu_suspected
28/05/2020,18:30,30,ventilated_confirmed
28/05/2020,18:30,3,ventilated_suspected
28/05/2020,20:00,193,hospitalised
29/05/2020,18:30,42,icu_confirmed
29/05/2020,18:30,21,icu_suspected
29/05/2020,18:30,27,ventilated_confirmed
29/05/2020,18:30,5,ventilated_suspected
29/05/2020,20:00,171,hospitalised
30/05/2020,18:30,36,icu_confirmed
30/05/2020,18:30,13,icu_suspected
30/05/2020,18:30,25,ventilated_confirmed
30/05/2020,18:30,5,ventilated_suspected
30/05/2020,20:00,182,hospitalised
31/05/2020,18:30,36,icu_confirmed
31/05/2020,18:30,22,icu_suspected
31/05/2020,18:30,26,ventilated_confirmed
31/05/2020,18:30,6,ventilated_suspected
31/05/2020,20:00,170,hospitalised
01/06/2020,18:30,37,icu_confirmed
01/06/2020,18:30,20,icu_suspected
01/06/2020,18:30,25,ventilated_confirmed
01/06/2020,18:30,11,ventilated_suspected
01/06/2020,20:00,187,hospitalised
02/06/2020,18:30,36,icu_confirmed
02/06/2020,18:30,19,icu_suspected
02/06/2020,18:30,23,ventilated_confirmed
02/06/2020,18:30,6,ventilated_suspected
02/06/2020,20:00,165,hospitalised
03/06/2020,18:30,37,icu_confirmed
03/06/2020,18:30,16,icu_suspected
03/06/2020,18:30,22,ventilated_confirmed
03/06/2020,18:30,9,ventilated_suspected
03/06/2020,20:00,153,hospitalised
04/06/2020,18:30,36,icu_confirmed
04/06/2020,18:30,13,icu_suspected
04/06/2020,18:30,22,ventilated_confirmed
04/06/2020,18:30,7,ventilated_suspected
04/06/2020,20:00,140,hospitalised
05/06/2020,18:30,37,icu_confirmed
05/06/2020,18:30,10,icu_suspected
05/06/2020,18:30,23,ventilated_confirmed
05/06/2020,18:30,6,ventilated_suspected
05/06/2020,20:00,123,hospitalised
06/06/2020,18:30,36,icu_confirmed
06/06/2020,18:30,5,icu_suspected
06/06/2020,18:30,21,ventilated_confirmed
06/06/2020,18:30,3,ventilated_suspected
06/06/2020,20:00,124,hospitalised
07/06/2020,18:30,34,icu_confirmed
07/06/2020,18:30,11,icu_suspected
07/06/2020,18:30,19,ventilated_confirmed
07/06/2020,18:30,5,ventilated_suspected
07/06/2020,20:00,122,hospitalised
08/06/2020,18:30,34,icu_confirmed
08/06/2020,18:30,5,icu_suspected
08/06/2020,18:30,19,ventilated_confirmed
08/06/2020,18:30,1,ventilated_suspected
08/06/2020,20:00,155,hospitalised
09/06/2020,18:30,35,icu_confirmed
09/06/2020,18:30,9,icu_suspected
09/06/2020,18:30,19,ventilated_confirmed
09/06/2020,18:30,1,ventilated_suspected
09/06/2020,20:00,105,hospitalised
10/06/2020,18:30,29,icu_confirmed
10/06/2020,18:30,9,icu_suspected
10/06/2020,18:30,16,ventilated_confirmed
10/06/2020,18:30,3,ventilated_suspected
10/06/2020,20:00,75,hospitalised
11/06/2020,18:30,27,icu_confirmed
11/06/2020,18:30,5,icu_suspected
11/06/2020,18:30,14,ventilated_confirmed
11/06/2020,18:30,2,ventilated_suspected
11/06/2020,20:00,79,hospitalised
12/06/2020,18:30,27,icu_confirmed
12/06/2020,18:30,11,icu_suspected
12/06/2020,18:30,13,ventilated_confirmed
12/06/2020,18:30,3,ventilated_suspected
12/06/2020,20:00,79,hospitalised
13/06/2020,18:30,27,icu_confirmed
13/06/2020,18:30,9,icu_suspected
13/06/2020,18:30,13,ventilated_confirmed
13/06/2020,18:30,3,ventilated_suspected
13/06/2020,20:00,74,hospitalised
14/06/2020,18:30,27,icu_confirmed
14/06/2020,18:30,8,icu_suspected
14/06/2020,18:30,12,ventilated_confirmed
14/06/2020,18:30,3,ventilated_suspected
14/06/2020,20:00,79,hospitalised
15/06/2020,18:30,24,icu_confirmed
15/06/2020,18:30,6,icu_suspected
15/06/2020,18:30,13,ventilated_confirmed
15/06/2020,18:30,3,ventilated_suspected
15/06/2020,20:00,71,hospitalised
16/06/2020,18:30,20,icu_confirmed
16/06/2020,18:30,11,icu_suspected
16/06/2020,18:30,7,ventilated_confirmed
16/06/2020,18:30,5,ventilated_suspected
16/06/2020,20:00,62,hospitalised
17/06/2020,18:30,21,icu_confirmed
17/06/2020,18:30,10,icu_suspected
17/06/2020,18:30,8,ventilated_confirmed
17/06/2020,18:30,2,ventilated_suspected
17/06/2020,20:00,50,hospitalised
18/06/2020,18:30,21,icu_confirmed
18/06/2020,18:30,10,icu_suspected
18/06/2020,18:30,7,ventilated_confirmed
18/06/2020,18:30,3,ventilated_suspected
18/06/2020,20:00,42,hospitalised
19/06/2020,18:30,16,icu_confirmed
19/06/2020,18:30,8,icu_suspected
19/06/2020,18:30,7,ventilated_confirmed
19/06/2020,18:30,3,ventilated_suspected
19/06/2020,20:00,42,hospitalised
20/06/2020,18:30,17,icu_confirmed
20/06/2020,18:30,9,icu_suspected
20/06/2020,18:30,8,ventilated_confirmed
20/06/2020,18:30,1,ventilated_suspected
20/06/2020,20:00,41,hospitalised
21/06/2020,18:30,16,icu_confirmed
21/06/2020,18:30,5,icu_suspected
21/06/2020,18:30,9,ventilated_confirmed
21/06/2020,18:30,1,ventilated_suspected
21/06/2020,20:00,42,hospitalised
22/06/2020,18:30,16,icu_confirmed
22/06/2020,18:30,9,icu_suspected
22/06/2020,18:30,10,ventilated_confirmed
22/06/2020,18:30,1,ventilated_suspected
22/06/2020,20:00,41,hospitalised
23/06/2020,18:30,11,icu_confirmed
23/06/2020,18:30,9,icu_suspected
23/06/2020,18:30,8,ventilated_confirmed
23/06/2020,18:30,3,ventilated_suspected
23/06/2020,20:00,37,hospitalised
24/06/2020,18:30,9,icu_confirmed
24/06/2020,18:30,10,icu_suspected
24/06/2020,18:30,7,ventilated_confirmed
24/06/2020,18:30,5,ventilated_suspected
24/06/2020,20:00,31,hospitalised
25/06/2020,18:30,12,icu_confirmed
25/06/2020,18:30,4,icu_suspected
25/06/2020,18:30,8,ventilated_confirmed
25/06/2020,18:30,1,ventilated_suspected
25/06/2020,20:00,25,hospitalised
26/06/2020,18:30,12,icu_confirmed
26/06/2020,18:30,6,icu_suspected
26/06/2020,18:30,8,ventilated_confirmed
26/06/2020,18:30,2,ventilated_suspected
26/06/2020,20:00,19,hospitalised
27/06/2020,18:30,11,icu_confirmed
27/06/2020,18:30,5,icu_suspected
27/06/2020,18:30,8,ventilated_confirmed
27/06/2020,18:30,1,ventilated_suspected
27/06/2020,20:00,19,hospitalised
28/06/2020,18:30,11,icu_confirmed
28/06/2020,18:30,1,icu_suspected
28/06/2020,18:30,7,ventilated_confirmed
28/06/2020,18:30,0,ventilated_suspected
28/06/2020,20:00,24,hospitalised
29/06/2020,18:30,12,icu_confirmed
29/06/2020,18:30,4,icu_suspected
29/06/2020,18:30,8,ventilated_confirmed
29/06/2020,18:30,0,ventilated_suspected
29/06/2020,20:00,22,hospitalised
30/06/2020,18:30,13,icu_confirmed
30/06/2020,18:30,7,icu_suspected
30/06/2020,18:30,8,ventilated_confirmed
30/06/2020,18:30,3,ventilated_suspected
30/06/2020,20:00,19,hospitalised
01/07/2020,18:30,12,icu_confirmed
01/07/2020,18:30,7,icu_suspected
01/07/2020,18:30,7,ventilated_confirmed
01/07/2020,18:30,2,ventilated_suspected
01/07/2020,20:00,19,hospitalised
02/07/2020,18:30,10,icu_confirmed
02/07/2020,18:30,6,icu_suspected
02/07/2020,18:30,7,ventilated_confirmed
02/07/2020,18:30,2,ventilated_suspected
02/07/2020,20:00,20,hospitalised
03/07/2020,18:30,10,icu_confirmed
03/07/2020,18:30,4,icu_suspected
03/07/2020,18:30,6,ventilated_confirmed
03/07/2020,18:30,0,ventilated_suspected
03/07/2020,20:00,19,hospitalised
04/07/2020,18:30,11,icu_confirmed
04/07/2020,18:30,9,icu_suspected
04/07/2020,18:30,7,ventilated_confirmed
04/07/2020,18:30,4,ventilated_suspected
04/07/2020,20:00,20,hospitalised
05/07/2020,18:30,10,icu_confirmed
05/07/2020,18:30,3,icu_suspected
05/07/2020,18:30,7,ventilated_confirmed
05/07/2020,18:30,0,ventilated_suspected
05/07/2020,20:00,21,hospitalised
06/07/2020,18:30,10,icu_confirmed
06/07/2020,18:30,4,icu_suspected
06/07/2020,18:30,7,ventilated_confirmed
06/07/2020,18:30,1,ventilated_suspected
06/07/2020,20:00,18,hospitalised
07/07/2020,18:30,9,icu_confirmed
07/07/2020,18:30,5,icu_suspected
07/07/2020,18:30,7,ventilated_confirmed
07/07/2020,18:30,2,ventilated_suspected
07/07/2020,20:00,12,hospitalised
08/07/2020,18:30,9,icu_confirmed
08/07/2020,18:30,10,icu_suspected
08/07/2020,18:30,7,ventilated_confirmed
08/07/2020,18:30,6,ventilated_suspected
08/07/2020,20:00,12,hospitalised
09/07/2020,18:30,9,icu_confirmed
09/07/2020,18:30,7,icu_suspected
09/07/2020,18:30,7,ventilated_confirmed
09/07/2020,18:30,1,ventilated_suspected
09/07/2020,20:00,11,hospitalised
10/07/2020,18:30,9,icu_confirmed
10/07/2020,18:30,6,icu_suspected
10/07/2020,18:30,7,ventilated_confirmed
10/07/2020,18:30,2,ventilated_suspected
10/07/2020,20:00,11,hospitalised
11/07/2020,18:30,10,icu_confirmed
11/07/2020,18:30,7,icu_suspected
11/07/2020,18:30,7,ventilated_confirmed
11/07/2020,18:30,3,ventilated_suspected
11/07/2020,20:00,12,hospitalised
12/07/2020,18:30,11,icu_confirmed
12/07/2020,18:30,9,icu_suspected
12/07/2020,18:30,7,ventilated_confirmed
12/07/2020,18:30,3,ventilated_suspected
12/07/2020,20:00,11,hospitalised
13/07/2020,18:30,10,icu_confirmed
13/07/2020,18:30,5,icu_suspected
13/07/2020,18:30,5,ventilated_confirmed
13/07/2020,18:30,1,ventilated_suspected
13/07/2020,20:00,14,hospitalised
14/07/2020,18:30,10,icu_confirmed
14/07/2020,18:30,6,icu_suspected
14/07/2020,18:30,5,ventilated_confirmed
14/07/2020,18:30,2,ventilated_suspected
14/07/2020,20:00,13,hospitalised
15/07/2020,18:30,8,icu_confirmed
15/07/2020,18:30,6,icu_suspected
15/07/2020,18:30,5,ventilated_confirmed
15/07/2020,18:30,1,ventilated_suspected
15/07/2020,20:00,13,hospitalised
16/07/2020,18:30,8,icu_confirmed
16/07/2020,18:30,4,icu_suspected
16/07/2020,18:30,4,ventilated_confirmed
16/07/2020,18:30,1,ventilated_suspected
16/07/2020,20:00,13,hospitalised
17/07/2020,18:30,8,icu_confirmed
17/07/2020,18:30,6,icu_suspected
17/07/2020,18:30,4,ventilated_confirmed
17/07/2020,18:30,1,ventilated_suspected
17/07/2020,20:00,10,hospitalised
18/07/2020,18:30,8,icu_confirmed
18/07/2020,18:30,8,icu_suspected
18/07/2020,18:30,3,ventilated_confirmed
18/07/2020,18:30,3,ventilated_suspected
18/07/2020,20:00,9,hospitalised
19/07/2020,18:30,9,icu_confirmed
19/07/2020,18:30,11,icu_suspected
19/07/2020,18:30,5,ventilated_confirmed
19/07/2020,18:30,5,ventilated_suspected
19/07/2020,20:00,12,hospitalised
20/07/2020,18:30,8,icu_confirmed
20/07/2020,18:30,5,icu_suspected
20/07/2020,18:30,5,ventilated_confirmed
20/07/2020,18:30,1,ventilated_suspected
20/07/2020,20:00,11,hospitalised
21/07/2020,18:30,7,icu_confirmed
21/07/2020,18:30,4,icu_suspected
21/07/2020,18:30,5,ventilated_confirmed
21/07/2020,18:30,4,ventilated_suspected
21/07/2020,20:00,14,hospitalised
22/07/2020,18:30,6,icu_confirmed
22/07/2020,18:30,8,icu_suspected
22/07/2020,18:30,4,ventilated_confirmed
22/07/2020,18:30,5,ventilated_suspected
22/07/2020,20:00,14,hospitalised
23/07/2020,18:30,6,icu_confirmed
23/07/2020,18:30,7,icu_suspected
23/07/2020,18:30,3,ventilated_confirmed
23/07/2020,18:30,1,ventilated_suspected
23/07/2020,20:00,11,hospitalised
24/07/2020,18:30,5,icu_confirmed
24/07/2020,18:30,9,icu_suspected
24/07/2020,18:30,3,ventilated_confirmed
24/07/2020,18:30,4,ventilated_suspected
24/07/2020,20:00,10,hospitalised
25/07/2020,18:30,5,icu_confirmed
25/07/2020,18:30,10,icu_suspected
25/07/2020,18:30,3,ventilated_confirmed
25/07/2020,18:30,5,ventilated_suspected
25/07/2020,20:00,11,hospitalised
26/07/2020,18:30,5,icu_confirmed
26/07/2020,18:30,9,icu_suspected
26/07/2020,18:30,3,ventilated_confirmed
26/07/2020,18:30,2,ventilated_suspected
26/07/2020,20:00,12,hospitalised
27/07/2020,18:30,6,icu_confirmed
27/07/2020,18:30,8,icu_suspected
27/07/2020,18:30,3,ventilated_confirmed
27/07/2020,18:30,2,ventilated_suspected
27/07/2020,20:00,10,hospitalised
28/07/2020,18:30,6,icu_confirmed
28/07/2020,18:30,7,icu_suspected
28/07/2020,18:30,3,ventilated_confirmed
28/07/2020,18:30,2,ventilated_suspected
28/07/2020,20:00,13,hospitalised
29/07/2020,18:30,4,icu_confirmed
29/07/2020,18:30,2,icu_suspected
29/07/2020,18:30,2,ventilated_confirmed
29/07/2020,18:30,2,ventilated_suspected
29/07/2020,20:00,6,hospitalised
30/07/2020,18:30,4,icu_confirmed
30/07/2020,18:30,2,icu_suspected
30/07/2020,18:30,2,ventilated_confirmed
30/07/2020,18:30,1,ventilated_suspected
30/07/2020,20:00,6,hospitalised
31/07/2020,18:30,4,icu_confirmed
31/07/2020,18:30,4,icu_suspected
31/07/2020,18:30,2,ventilated_confirmed
31/07/2020,18:30,0,ventilated_suspected
31/07/2020,20:00,7,hospitalised
01/08/2020,18:30,4,icu_confirmed
01/08/2020,18:30,4,icu_suspected
01/08/2020,18:30,2,ventilated_confirmed
01/08/2020,18:30,1,ventilated_suspected
01/08/2020,20:00,11,hospitalised
02/08/2020,18:30,4,icu_confirmed
02/08/2020,18:30,3,icu_suspected
02/08/2020,18:30,2,ventilated_confirmed
02/08/2020,18:30,1,ventilated_suspected
02/08/2020,20:00,12,hospitalised
03/08/2020,18:30,5,icu_confirmed
03/08/2020,18:30,5,icu_suspected
03/08/2020,18:30,3,ventilated_confirmed
03/08/2020,18:30,2,ventilated_suspected
03/08/2020,20:00,13,hospitalised
04/08/2020,18:30,5,icu_confirmed
04/08/2020,18:30,8,icu_suspected
04/08/2020,18:30,1,ventilated_confirmed
04/08/2020,18:30,2,ventilated_suspected
04/08/2020,20:00,15,hospitalised
05/08/2020,18:30,6,icu_confirmed
05/08/2020,18:30,14,icu_suspected
05/08/2020,18:30,1,ventilated_confirmed
05/08/2020,18:30,2,ventilated_suspected
05/08/2020,20:00,9,hospitalised
06/08/2020,18:30,5,icu_confirmed
06/08/2020,18:30,11,icu_suspected
06/08/2020,18:30,1,ventilated_confirmed
06/08/2020,18:30,1,ventilated_suspected
06/08/2020,20:00,12,hospitalised
07/08/2020,18:30,5,icu_confirmed
07/08/2020,18:30,10,icu_suspected
07/08/2020,18:30,1,ventilated_confirmed
07/08/2020,18:30,2,ventilated_suspected
07/08/2020,20:00,10,hospitalised
08/08/2020,18:30,6,icu_confirmed
08/08/2020,18:30,9,icu_suspected
08/08/2020,18:30,2,ventilated_confirmed
08/08/2020,18:30,3,ventilated_suspected
08/08/2020,20:00,14,hospitalised
09/08/2020,18:30,6,icu_confirmed
09/08/2020,18:30,8,icu_suspected
09/08/2020,18:30,2,ventilated_confirmed
09/08/2020,18:30,6,ventilated_suspected
09/08/2020,20:00,12,hospitalised
10/08/2020,18:30,7,icu_confirmed
10/08/2020,18:30,11,icu_suspected
10/08/2020,18:30,2,ventilated_confirmed
10/08/2020,18:30,4,ventilated_suspected
10/08/2020,20:00,14,hospitalised
11/08/2020,18:30,5,icu_confirmed
11/08/2020,18:30,9,icu_suspected
11/08/2020,18:30,2,ventilated_confirmed
11/08/2020,18:30,4,ventilated_suspected
11/08/2020,20:00,11,hospitalised
12/08/2020,18:30,6,icu_confirmed
12/08/2020,18:30,5,icu_suspected
12/08/2020,18:30,3,ventilated_confirmed
12/08/2020,18:30,2,ventilated_suspected
12/08/2020,20:00,11,hospitalised
13/08/2020,18:30,6,icu_confirmed
13/08/2020,18:30,6,icu_suspected
13/08/2020,18:30,4,ventilated_confirmed
13/08/2020,18:30,2,ventilated_suspected
13/08/2020,20:00,13,hospitalised
14/08/2020,18:30,8,icu_confirmed
14/08/2020,18:30,9,icu_suspected
14/08/2020,18:30,5,ventilated_confirmed
14/08/2020,18:30,3,ventilated_suspected
14/08/2020,20:00,14,hospitalised
15/08/2020,18:30,8,icu_confirmed
15/08/2020,18:30,6,icu_suspected
15/08/2020,18:30,5,ventilated_confirmed
15/08/2020,18:30,1,ventilated_suspected
15/08/2020,20:00,16,hospitalised
16/08/2020,18:30,8,icu_confirmed
16/08/2020,18:30,7,icu_suspected
16/08/2020,18:30,5,ventilated_confirmed
16/08/2020,18:30,3,ventilated_suspected
16/08/2020,20:00,19,hospitalised
17/08/2020,18:30,8,icu_confirmed
17/08/2020,18:30,6,icu_suspected
17/08/2020,18:30,4,ventilated_confirmed
17/08/2020,18:30,2,ventilated_suspected
17/08/2020,20:00,18,hospitalised
18/08/2020,18:30,7,icu_confirmed
18/08/2020,18:30,4,icu_suspected
18/08/2020,18:30,4,ventilated_confirmed
18/08/2020,18:30,0,ventilated_suspected
18/08/2020,20:00,20,hospitalised
19/08/2020,18:30,6,icu_confirmed
19/08/2020,18:30,5,icu_suspected
19/08/2020,18:30,3,ventilated_confirmed
19/08/2020,18:30,1,ventilated_suspected
19/08/2020,20:00,16,hospitalised
20/08/2020,18:30,6,icu_confirmed
20/08/2020,18:30,6,icu_suspected
20/08/2020,18:30,3,ventilated_confirmed
20/08/2020,18:30,0,ventilated_suspected
20/08/2020,20:00,17,hospitalised
21/08/2020,18:30,6,icu_confirmed
21/08/2020,18:30,6,icu_suspected
21/08/2020,18:30,3,ventilated_confirmed
21/08/2020,18:30,1,ventilated_suspected
21/08/2020,20:00,19,hospitalised
22/08/2020,18:30,6,icu_confirmed
22/08/2020,18:30,6,icu_suspected
22/08/2020,18:30,3,ventilated_confirmed
22/08/2020,18:30,3,ventilated_suspected
22/08/2020,20:00,20,hospitalised
23/08/2020,18:30,6,icu_confirmed
23/08/2020,18:30,10,icu_suspected
23/08/2020,18:30,2,ventilated_confirmed
23/08/2020,18:30,4,ventilated_suspected
23/08/2020,20:00,28,hospitalised
24/08/2020,18:30,4,icu_confirmed
24/08/2020,18:30,8,icu_suspected
24/08/2020,18:30,3,ventilated_confirmed
24/08/2020,18:30,7,ventilated_suspected
24/08/2020,20:00,23,hospitalised
25/08/2020,18:30,4,icu_confirmed
25/08/2020,18:30,8,icu_suspected
25/08/2020,18:30,3,ventilated_confirmed
25/08/2020,18:30,7,ventilated_suspected
25/08/2020,20:00,23,hospitalised
26/08/2020,18:30,4,icu_confirmed
26/08/2020,18:30,7,icu_suspected
26/08/2020,18:30,2,ventilated_confirmed
26/08/2020,18:30,4,ventilated_suspected
26/08/2020,20:00,28,hospitalised
27/08/2020,18:30,5,icu_confirmed
27/08/2020,18:30,9,icu_suspected
27/08/2020,18:30,3,ventilated_confirmed
27/08/2020,18:30,5,ventilated_suspected
27/08/2020,20:00,30,hospitalised
28/08/2020,18:30,5,icu_confirmed
28/08/2020,18:30,6,icu_suspected
28/08/2020,18:30,3,ventilated_confirmed
28/08/2020,18:30,1,ventilated_suspected
28/08/2020,20:00,31,hospitalised
29/08/2020,18:30,5,icu_confirmed
29/08/2020,18:30,10,icu_suspected
29/08/2020,18:30,3,ventilated_confirmed
29/08/2020,18:30,6,ventilated_suspected
29/08/2020,20:00,31,hospitalised
30/08/2020,18:30,5,icu_confirmed
30/08/2020,18:30,14,icu_suspected
30/08/2020,18:30,4,ventilated_confirmed
30/08/2020,18:30,6,ventilated_suspected
30/08/2020,20:00,33,hospitalised
31/08/2020,18:30,6,icu_confirmed
31/08/2020,18:30,11,icu_suspected
31/08/2020,18:30,5,ventilated_confirmed
31/08/2020,18:30,1,ventilated_suspected
31/08/2020,20:00,35,hospitalised
01/09/2020,18:30,6,icu_confirmed
01/09/2020,18:30,15,icu_suspected
01/09/2020,18:30,6,ventilated_confirmed
01/09/2020,18:30,5,ventilated_suspected
01/09/2020,20:00,40,hospitalised
02/09/2020,18:30,6,icu_confirmed
02/09/2020,18:30,9,icu_suspected
02/09/2020,18:30,6,ventilated_confirmed
02/09/2020,18:30,5,ventilated_suspected
02/09/2020,20:00,39,hospitalised
03/09/2020,18:30,7,icu_confirmed
03/09/2020,18:30,6,icu_suspected
03/09/2020,18:30,6,ventilated_confirmed
03/09/2020,18:30,3,ventilated_suspected
03/09/2020,20:00,41,hospitalised
04/09/2020,18:30,7,icu_confirmed
04/09/2020,18:30,7,icu_suspected
04/09/2020,18:30,6,ventilated_confirmed
04/09/2020,18:30,4,ventilated_suspected
04/09/2020,20:00,47,hospitalised
05/09/2020,18:30,7,icu_confirmed
05/09/2020,18:30,8,icu_suspected
05/09/2020,18:30,6,ventilated_confirmed
05/09/2020,18:30,5,ventilated_suspected
05/09/2020,20:00,48,hospitalised
06/09/2020,18:30,6,icu_confirmed
06/09/2020,18:30,7,icu_suspected
06/09/2020,18:30,6,ventilated_confirmed
06/09/2020,18:30,3,ventilated_suspected
06/09/2020,20:00,50,hospitalised
07/09/2020,18:30,6,icu_confirmed
07/09/2020,18:30,5,icu_suspected
07/09/2020,18:30,6,ventilated_confirmed
07/09/2020,18:30,4,ventilated_suspected
07/09/2020,20:00,48,hospitalised
08/09/2020,18:30,6,icu_confirmed
08/09/2020,18:30,8,icu_suspected
08/09/2020,18:30,6,ventilated_confirmed
08/09/2020,18:30,3,ventilated_suspected
08/09/2020,20:00,50,hospitalised
09/09/2020,18:30,6,icu_confirmed
09/09/2020,18:30,5,icu_suspected
09/09/2020,18:30,6,ventilated_confirmed
09/09/2020,18:30,2,ventilated_suspected
09/09/2020,20:00,50,hospitalised
10/09/2020,18:30,7,icu_confirmed
10/09/2020,18:30,5,icu_suspected
10/09/2020,18:30,6,ventilated_confirmed
10/09/2020,18:30,0,ventilated_suspected
10/09/2020,20:00,51,hospitalised
11/09/2020,18:30,7,icu_confirmed
11/09/2020,18:30,6,icu_suspected
11/09/2020,18:30,6,ventilated_confirmed
11/09/2020,18:30,2,ventilated_suspected
11/09/2020,20:00,53,hospitalised
12/09/2020,18:30,9,icu_confirmed
12/09/2020,18:30,8,icu_suspected
12/09/2020,18:30,9,ventilated_confirmed
12/09/2020,18:30,1,ventilated_suspected
12/09/2020,20:00,54,hospitalised
13/09/2020,18:30,10,icu_confirmed
13/09/2020,18:30,8,icu_suspected
13/09/2020,18:30,8,ventilated_confirmed
13/09/2020,18:30,0,ventilated_suspected
13/09/2020,20:00,57,hospitalised
14/09/2020,18:30,11,icu_confirmed
14/09/2020,18:30,10,icu_suspected
14/09/2020,18:30,6,ventilated_confirmed
14/09/2020,18:30,0,ventilated_suspected
14/09/2020,20:00,64,hospitalised
15/09/2020,18:30,13,icu_confirmed
15/09/2020,18:30,7,icu_suspected
15/09/2020,18:30,5,ventilated_confirmed
15/09/2020,18:30,2,ventilated_suspected
15/09/2020,20:00,65,hospitalised
16/09/2020,18:30,14,icu_confirmed
16/09/2020,18:30,7,icu_suspected
16/09/2020,18:30,6,ventilated_confirmed
16/09/2020,18:30,1,ventilated_suspected
16/09/2020,20:00,73,hospitalised
17/09/2020,18:30,14,icu_confirmed
17/09/2020,18:30,4,icu_suspected
17/09/2020,18:30,7,ventilated_confirmed
17/09/2020,18:30,0,ventilated_suspected
17/09/2020,20:00,77,hospitalised
18/09/2020,18:30,15,icu_confirmed
18/09/2020,18:30,7,icu_suspected
18/09/2020,18:30,7,ventilated_confirmed
18/09/2020,18:30,2,ventilated_suspected
18/09/2020,20:00,75,hospitalised
19/09/2020,18:30,16,icu_confirmed
19/09/2020,18:30,4,icu_suspected
19/09/2020,18:30,7,ventilated_confirmed
19/09/2020,18:30,0,ventilated_suspected
19/09/2020,20:00,79,hospitalised
20/09/2020,18:30,16,icu_confirmed
20/09/2020,18:30,4,icu_suspected
20/09/2020,18:30,7,ventilated_confirmed
20/09/2020,18:30,2,ventilated_suspected
20/09/2020,20:00,88,hospitalised
21/09/2020,18:30,17,icu_confirmed
21/09/2020,18:30,8,icu_suspected
21/09/2020,18:30,9,ventilated_confirmed
21/09/2020,18:30,3,ventilated_suspected
21/09/2020,20:00,90,hospitalised
22/09/2020,18:30,16,icu_confirmed
22/09/2020,18:30,6,icu_suspected
22/09/2020,18:30,8,ventilated_confirmed
22/09/2020,18:30,4,ventilated_suspected
22/09/2020,20:00,94,hospitalised
23/09/2020,18:30,17,icu_confirmed
23/09/2020,18:30,6,icu_suspected
23/09/2020,18:30,9,ventilated_confirmed
23/09/2020,18:30,6,ventilated_suspected
23/09/2020,20:00,88,hospitalised
24/09/2020,18:30,16,icu_confirmed
24/09/2020,18:30,7,icu_suspected
24/09/2020,18:30,9,ventilated_confirmed
24/09/2020,18:30,5,ventilated_suspected
24/09/2020,20:00,102,hospitalised
25/09/2020,18:30,17,icu_confirmed
25/09/2020,18:30,7,icu_suspected
25/09/2020,18:30,8,ventilated_confirmed
25/09/2020,18:30,6,ventilated_suspected
25/09/2020,20:00,102,hospitalised
26/09/2020,18:30,18,icu_confirmed
26/09/2020,18:30,10,icu_suspected
26/09/2020,18:30,8,ventilated_confirmed
26/09/2020,18:30,7,ventilated_suspected
26/09/2020,20:00,110,hospitalised
27/09/2020,18:30,17,icu_confirmed
27/09/2020,18:30,6,icu_suspected
27/09/2020,18:30,8,ventilated_confirmed
27/09/2020,18:30,6,ventilated_suspected
27/09/2020,20:00,108,hospitalised
28/09/2020,18:30,17,icu_confirmed
28/09/2020,18:30,8,icu_suspected
28/09/2020,18:30,8,ventilated_confirmed
28/09/2020,18:30,2,ventilated_suspected
28/09/2020,20:00,114,hospitalised
29/09/2020,18:30,18,icu_confirmed
29/09/2020,18:30,7,icu_suspected
29/09/2020,18:30,7,ventilated_confirmed
29/09/2020,18:30,4,ventilated_suspected
29/09/2020,20:00,117,hospitalised
30/09/2020,18:30,22,icu_confirmed
30/09/2020,18:30,5,icu_suspected
30/09/2020,18:30,8,ventilated_confirmed
30/09/2020,18:30,1,ventilated_suspected
30/09/2020,20:00,121,hospitalised
01/10/2020,18:30,20,icu_confirmed
01/10/2020,18:30,7,icu_suspected
01/10/2020,18:30,9,ventilated_confirmed
01/10/2020,18:30,0,ventilated_suspected
01/10/2020,20:00,114,hospitalised
02/10/2020,18:30,21,icu_confirmed
02/10/2020,18:30,9,icu_suspected
02/10/2020,18:30,8,ventilated_confirmed
02/10/2020,18:30,3,ventilated_suspected
02/10/2020,20:00,113,hospitalised
03/10/2020,18:30,20,icu_confirmed
03/10/2020,18:30,10,icu_suspected
03/10/2020,18:30,5,ventilated_confirmed
03/10/2020,18:30,4,ventilated_suspected
03/10/2020,20:00,132,hospitalised
04/10/2020,18:30,21,icu_confirmed
04/10/2020,18:30,15,icu_suspected
04/10/2020,18:30,6,ventilated_confirmed
04/10/2020,18:30,6,ventilated_suspected
04/10/2020,20:00,141,hospitalised
05/10/2020,18:30,23,icu_confirmed
05/10/2020,18:30,11,icu_suspected
05/10/2020,18:30,8,ventilated_confirmed
05/10/2020,18:30,4,ventilated_suspected
05/10/2020,20:00,147,hospitalised
06/10/2020,18:30,24,icu_confirmed
06/10/2020,18:30,10,icu_suspected
06/10/2020,18:30,11,ventilated_confirmed
06/10/2020,18:30,5,ventilated_suspected
06/10/2020,20:00,142,hospitalised
07/10/2020,18:30,27,icu_confirmed
07/10/2020,18:30,6,icu_suspected
07/10/2020,18:30,15,ventilated_confirmed
07/10/2020,18:30,2,ventilated_suspected
07/10/2020,20:00,155,hospitalised
08/10/2020,18:30,27,icu_confirmed
08/10/2020,18:30,10,icu_suspected
08/10/2020,18:30,17,ventilated_confirmed
08/10/2020,18:30,1,ventilated_suspected
08/10/2020,20:00,171,hospitalised
09/10/2020,18:30,31,icu_confirmed
09/10/2020,18:30,5,icu_suspected
09/10/2020,18:30,18,ventilated_confirmed
09/10/2020,18:30,1,ventilated_suspected
09/10/2020,20:00,187,hospitalised
10/10/2020,18:30,30,icu_confirmed
10/10/2020,18:30,7,icu_suspected
10/10/2020,18:30,19,ventilated_confirmed
10/10/2020,18:30,3,ventilated_suspected
10/10/2020,20:00,198,hospitalised
11/10/2020,18:30,30,icu_confirmed
11/10/2020,18:30,11,icu_suspected
11/10/2020,18:30,19,ventilated_confirmed
11/10/2020,18:30,3,ventilated_suspected
11/10/2020,20:00,216,hospitalised
12/10/2020,18:30,31,icu_confirmed
12/10/2020,18:30,9,icu_suspected
12/10/2020,18:30,23,ventilated_confirmed
12/10/2020,18:30,4,ventilated_suspected
12/10/2020,20:00,230,hospitalised
13/10/2020,18:30,31,icu_confirmed
13/10/2020,18:30,9,icu_suspected
13/10/2020,18:30,23,ventilated_confirmed
13/10/2020,18:30,4,ventilated_suspected
13/10/2020,20:00,230,hospitalised
14/10/2020,18:30,30,icu_confirmed
14/10/2020,18:30,11,icu_suspected
14/10/2020,18:30,21,ventilated_confirmed
14/10/2020,18:30,4,ventilated_suspected
14/10/2020,20:00,214,hospitalised
15/10/2020,18:30,29,icu_confirmed
15/10/2020,18:30,14,icu_suspected
15/10/2020,18:30,20,ventilated_confirmed
15/10/2020,18:30,8,ventilated_suspected
15/10/2020,20:00,235,hospitalised
16/10/2020,18:30,30,icu_confirmed
16/10/2020,18:30,6,icu_suspected
16/10/2020,18:30,18,ventilated_confirmed
16/10/2020,18:30,3,ventilated_suspected
16/10/2020,20:00,249,hospitalised
17/10/2020,18:30,30,icu_confirmed
17/10/2020,18:30,8,icu_suspected
17/10/2020,18:30,20,ventilated_confirmed
17/10/2020,18:30,4,ventilated_suspected
17/10/2020,20:00,262,hospitalised
18/10/2020,18:30,31,icu_confirmed
18/10/2020,18:30,7,icu_suspected
18/10/2020,18:30,23,ventilated_confirmed
18/10/2020,18:30,4,ventilated_suspected
18/10/2020,20:00,290,hospitalised
19/10/2020,18:30,31,icu_confirmed
19/10/2020,18:30,12,icu_suspected
19/10/2020,18:30,20,ventilated_confirmed
19/10/2020,18:30,9,ventilated_suspected
19/10/2020,20:00,300,hospitalised
20/10/2020,18:30,34,icu_confirmed
20/10/2020,18:30,9,icu_suspected
20/10/2020,18:30,22,ventilated_confirmed
20/10/2020,18:30,4,ventilated_suspected
20/10/2020,20:00,311,hospitalised
21/10/2020,18:30,35,icu_confirmed
21/10/2020,18:30,15,icu_suspected
21/10/2020,18:30,22,ventilated_confirmed
21/10/2020,18:30,5,ventilated_suspected
21/10/2020,20:00,309,hospitalised
22/10/2020,18:30,37,icu_confirmed
22/10/2020,18:30,14,icu_suspected
22/10/2020,18:30,21,ventilated_confirmed
22/10/2020,18:30,5,ventilated_suspected
22/10/2020,20:00,301,hospitalised